,Unnamed: 0,X [s],Avanti sensor 1: EMG 1 [V],Avanti sensor 2: EMG 2 [V],Avanti sensor 3: EMG 3 [V],Avanti sensor 4: EMG 4 [V],Avanti sensor 5: EMG 5 [V],Avanti sensor 6: EMG 6 [V],Avanti sensor 7: EMG 7 [V],Avanti sensor 8: EMG 8 [V],Avanti sensor 9: EMG 9 [V],Avanti sensor 10: EMG 10 [V]
44868,44868,35.6305,-1.02388e-05,-1.2253e-05,-2.19883e-05,-1.09102e-05,-2.97093e-05,-2.51774e-06,0.00019118,0.000167514,1.69528e-05,1.84634e-05
44869,44869,35.6313,-9.9031e-06,-1.4435e-05,-1.86313e-05,-9.56741e-06,-2.55131e-05,-1.84634e-06,0.000198566,0.000191684,1.29244e-05,1.57778e-05
44870,44870,35.6321,-1.17494e-05,-1.71206e-05,-2.29953e-05,-1.69528e-05,-2.43381e-05,-5.03548e-07,0.000111452,0.000322438,9.23171e-06,1.39315e-05
44871,44871,35.6329,-1.79599e-05,-2.09812e-05,-2.3331e-05,-3.6759e-05,-2.60166e-05,-4.19623e-06,3.37377e-05,0.000482902,1.52743e-05,1.39315e-05
44872,44872,35.6336,-2.09812e-05,-2.26596e-05,-2.16526e-05,-4.16266e-05,-2.46738e-05,-4.53193e-06,2.98772e-05,0.00038555,1.93027e-05,1.52743e-05
44873,44873,35.6344,-2.23239e-05,-1.86313e-05,-2.16526e-05,-1.86313e-05,-1.35958e-05,-5.03548e-06,2.56809e-05,0.000272755,1.59457e-05,1.46029e-05
44874,44874,35.6352,-2.04776e-05,-1.02388e-05,-2.23239e-05,-2.85344e-06,-3.18914e-06,-7.21752e-06,8.39246e-07,0.000199573,2.31632e-05,1.15816e-05
44875,44875,35.636,-1.4435e-05,-6.88182e-06,-2.63523e-05,3.69268e-06,-8.39246e-06,-7.55322e-06,3.3402e-05,0.000114305,4.48157e-05,1.05745e-05
44876,44876,35.6368,-1.46029e-05,-1.09102e-05,-2.70237e-05,4.19623e-06,-1.4435e-05,-5.70687e-06,6.63004e-05,3.07164e-05,4.66621e-05,9.73526e-06
44877,44877,35.6376,-1.86313e-05,-1.02388e-05,-2.53452e-05,3.86053e-06,-2.61845e-05,-2.85344e-06,6.54612e-06,-3.77661e-05,4.07874e-05,8.72816e-06
44878,44878,35.6384,-1.72885e-05,-1.19173e-05,-2.97093e-05,-3.52483e-06,-3.13878e-05,-6.21042e-06,-1.4435e-05,-6.79789e-05,3.13878e-05,6.54612e-06
44879,44879,35.6392,-1.561e-05,-8.22461e-06,-2.98772e-05,-6.71397e-07,-2.46738e-05,-7.38537e-06,-9.9031e-06,-6.1265e-05,2.63523e-05,4.69978e-06
44880,44880,35.64,-1.25887e-05,-3.52483e-06,-2.80308e-05,1.0071e-06,-1.7792e-05,-8.22461e-06,-0.00011162,-7.50286e-05,1.12459e-05,2.34989e-06
44881,44881,35.6408,-9.06386e-06,-5.53903e-06,-2.29953e-05,5.20333e-06,-1.4435e-05,-7.55322e-06,-0.000221729,-7.18395e-05,5.03548e-07,4.19623e-06
44882,44882,35.6416,-7.88891e-06,-1.12459e-05,-2.03098e-05,8.22461e-06,-1.12459e-05,-6.21042e-06,-0.000100038,-4.11231e-05,-1.15816e-05,5.03548e-06
44883,44883,35.6424,-5.37118e-06,-1.69528e-05,-1.86313e-05,2.18204e-06,-1.561e-05,-6.88182e-06,-6.21042e-06,-1.67849e-06,-1.52743e-05,3.86053e-06
44884,44884,35.6432,-5.87472e-06,-1.64492e-05,-1.8967e-05,-1.67849e-07,-1.84634e-05,-7.55322e-06,-9.76883e-05,-7.88891e-06,-8.39246e-06,3.52483e-06
44885,44885,35.644,-3.86053e-06,-1.35958e-05,-1.91348e-05,8.39246e-07,-1.76242e-05,-8.39246e-06,-0.000123705,-5.16976e-05,-2.51774e-06,2.51774e-06
44886,44886,35.6448,-2.85344e-06,-1.30922e-05,-2.16526e-05,-6.71397e-07,-1.84634e-05,-1.09102e-05,-9.0135e-05,-8.2414e-05,-2.85344e-06,6.04257e-06
44887,44887,35.6456,-8.39246e-06,-1.66171e-05,-2.88701e-05,-8.39246e-07,-1.84634e-05,-5.20333e-06,-2.63523e-05,-6.63004e-05,-7.55322e-06,6.21042e-06
44888,44888,35.6464,-1.05745e-05,-2.3331e-05,-2.73594e-05,-5.53903e-06,-2.16526e-05,-4.86763e-06,0.000127901,-3.44091e-05,-6.88182e-06,7.88891e-06
44889,44889,35.6471,-9.9031e-06,-1.86313e-05,-2.19883e-05,-1.2253e-05,-2.71916e-05,-8.89601e-06,0.000196551,-1.81277e-05,-1.84634e-06,1.12459e-05
44890,44890,35.6479,-1.2253e-05,-1.2253e-05,-1.79599e-05,-1.71206e-05,-2.31632e-05,-3.86053e-06,0.000215686,-2.51774e-06,-3.86053e-06,1.05745e-05
44891,44891,35.6487,-1.25887e-05,-1.54421e-05,-1.29244e-05,-3.70947e-05,-1.59457e-05,-3.52483e-06,0.000237507,3.47448e-05,-8.56031e-06,9.23171e-06
44892,44892,35.6495,-1.4435e-05,-1.64492e-05,-6.54612e-06,-4.24659e-05,-1.52743e-05,-7.55322e-06,0.000183459,8.97993e-05,-1.32601e-05,7.88891e-06
44893,44893,35.6503,-1.12459e-05,-1.66171e-05,-6.21042e-06,-2.50095e-05,-1.02388e-05,-4.86763e-06,0.000132433,0.000156268,-1.93027e-05,8.39246e-06
44894,44894,35.6511,-1.25887e-05,-1.59457e-05,-9.73526e-06,-4.86763e-06,-8.89601e-06,-1.84634e-06,0.000128069,0.000183795,-5.20333e-06,1.0071e-05
44895,44895,35.6519,-1.54421e-05,-1.62814e-05,-1.29244e-05,8.56031e-06,-1.12459e-05,-3.52483e-06,9.36599e-05,0.000158785,3.20592e-05,9.9031e-06
44896,44896,35.6527,-1.49386e-05,-1.62814e-05,-1.30922e-05,6.54612e-06,-1.76242e-05,-7.21752e-06,-1.96384e-05,0.000103899,4.448e-05,9.56741e-06
44897,44897,35.6535,-1.19173e-05,-1.15816e-05,-1.79599e-05,5.53903e-06,-2.85344e-05,-6.37827e-06,-4.39765e-05,9.95346e-05,2.53452e-05,5.03548e-06
44898,44898,35.6543,-1.15816e-05,-7.21752e-06,-2.53452e-05,3.35698e-06,-2.83665e-05,-4.19623e-06,-5.35439e-05,0.000100374,9.56741e-06,4.53193e-06
44899,44899,35.6551,-1.40993e-05,-7.72107e-06,-2.56809e-05,-5.20333e-06,-2.29953e-05,-6.04257e-06,-9.04707e-05,9.44991e-05,1.84634e-06,3.86053e-06
44900,44900,35.6559,-1.2253e-05,-8.89601e-06,-2.7863e-05,-2.61845e-05,-1.96384e-05,-8.89601e-06,-6.79789e-05,5.35439e-05,-3.35698e-06,4.53193e-06
44901,44901,35.6567,-1.27565e-05,-1.09102e-05,-3.50805e-05,-6.52934e-05,-1.96384e-05,-1.52743e-05,-8.77852e-05,-3.57519e-05,-7.55322e-06,2.01419e-06
44902,44902,35.6575,-1.35958e-05,-1.35958e-05,-3.74304e-05,-8.61067e-05,-1.67849e-05,-1.24208e-05,-7.45251e-05,-4.64942e-05,-8.56031e-06,3.86053e-06
44903,44903,35.6583,-1.09102e-05,-1.2253e-05,-3.30663e-05,-5.99222e-05,-7.04967e-06,-1.2253e-05,-2.87022e-05,-3.44091e-05,-7.21752e-06,7.21752e-06
44904,44904,35.6591,-9.56741e-06,-8.22461e-06,-2.93736e-05,-2.90379e-05,3.69268e-06,-1.10781e-05,-1.72885e-05,-8.39246e-06,-5.53903e-06,4.86763e-06
44905,44905,35.6599,-1.24208e-05,-1.09102e-05,-3.0045e-05,-1.35958e-05,2.34989e-06,-1.19173e-05,-3.94446e-05,-1.05745e-05,-7.21752e-06,8.39246e-07
44906,44906,35.6606,-1.24208e-05,-1.35958e-05,-2.60166e-05,-1.42672e-05,-3.35698e-06,-8.72816e-06,-0.000131426,-6.79789e-05,-1.04067e-05,3.35698e-07
44907,44907,35.6614,-8.89601e-06,-1.2253e-05,-2.16526e-05,-1.86313e-05,-5.53903e-06,-3.69268e-06,-0.000142672,-0.000128237,-9.56741e-06,-3.02129e-06
44908,44908,35.6622,-1.05745e-05,-1.09102e-05,-2.06455e-05,-1.35958e-05,-5.70687e-06,-4.86763e-06,-3.91089e-05,-0.000169528,-8.89601e-06,-6.04257e-06
44909,44909,35.663,-8.89601e-06,-1.05745e-05,-1.76242e-05,4.19623e-06,-8.39246e-06,-1.67849e-06,-8.72816e-06,-0.000187152,-3.86053e-06,-6.37827e-06
44910,44910,35.6638,-7.21752e-06,-1.30922e-05,-1.93027e-05,1.561e-05,-9.56741e-06,2.34989e-06,1.561e-05,-0.000199237,0.0,-5.20333e-06
44911,44911,35.6646,-1.20851e-05,-1.72885e-05,-2.16526e-05,1.09102e-05,-1.05745e-05,6.21042e-06,6.22721e-05,-0.000184131,-1.67849e-07,-7.04967e-06
44912,44912,35.6654,-1.8967e-05,-1.96384e-05,-1.79599e-05,-6.21042e-06,-1.66171e-05,3.52483e-06,5.62295e-05,-0.000134447,-2.85344e-06,-9.9031e-06
44913,44913,35.6662,-1.64492e-05,-1.84634e-05,-1.66171e-05,-2.73594e-05,-2.29953e-05,-1.67849e-06,2.23239e-05,-8.74495e-05,-5.87472e-06,-1.17494e-05
44914,44914,35.667,-1.2253e-05,-1.46029e-05,-1.561e-05,-3.52483e-05,-2.40024e-05,-5.53903e-06,-2.53452e-05,-7.10002e-05,-1.04067e-05,-9.23171e-06
44915,44915,35.6678,-1.0071e-05,-1.61135e-05,-1.29244e-05,-4.51514e-05,-1.98062e-05,-9.56741e-06,-7.33501e-05,-7.46929e-05,-1.05745e-05,-4.53193e-06
44916,44916,35.6686,-1.2253e-05,-1.86313e-05,-1.42672e-05,-6.05936e-05,-2.51774e-05,-9.56741e-06,-7.53643e-05,-8.5771e-05,-5.03548e-06,-4.86763e-06
44917,44917,35.6694,-1.561e-05,-1.96384e-05,-1.561e-05,-5.55581e-05,-3.17235e-05,-7.88891e-06,-4.85084e-05,-0.000116655,-1.67849e-07,-5.87472e-06
44918,44918,35.6702,-1.66171e-05,-2.03098e-05,-1.93027e-05,-3.0045e-05,-3.30663e-05,-8.56031e-06,2.76951e-05,-0.000104906,1.67849e-06,-3.86053e-06
44919,44919,35.671,-1.35958e-05,-1.96384e-05,-2.13169e-05,-1.59457e-05,-3.84375e-05,-7.88891e-06,6.05936e-05,-6.73075e-05,2.85344e-06,-3.86053e-06
44920,44920,35.6718,-1.25887e-05,-1.82956e-05,-2.13169e-05,-1.84634e-05,-4.38087e-05,-6.88182e-06,3.20592e-05,-5.52224e-05,9.73526e-06,-2.18204e-06
44921,44921,35.6726,-1.29244e-05,-1.69528e-05,-3.03807e-05,-1.93027e-05,-3.91089e-05,-4.36408e-06,-8.22461e-06,-8.27497e-05,1.4435e-05,5.03548e-07
44922,44922,35.6734,-1.35958e-05,-1.49386e-05,-3.37377e-05,-1.72885e-05,-2.58488e-05,-4.02838e-06,-9.23171e-06,-0.000109102,2.29953e-05,1.0071e-06
44923,44923,35.6741,-1.19173e-05,-1.561e-05,-3.20592e-05,-1.0071e-05,-1.79599e-05,-6.21042e-06,-9.73526e-06,-0.000132433,2.6688e-05,-1.67849e-07
44924,44924,35.6749,-1.15816e-05,-1.64492e-05,-3.32342e-05,-4.36408e-06,-1.25887e-05,-5.87472e-06,3.94446e-05,-0.000128069,1.79599e-05,-5.03548e-07
44925,44925,35.6757,-1.27565e-05,-1.62814e-05,-3.17235e-05,-5.20333e-06,-7.38537e-06,-5.20333e-06,0.000118669,-0.000104067,1.12459e-05,5.03548e-07
44926,44926,35.6765,-1.2253e-05,-1.69528e-05,-2.73594e-05,2.85344e-06,2.51774e-06,-5.03548e-06,-7.10002e-05,-0.000102556,1.12459e-05,-1.67849e-07
44927,44927,35.6773,-1.561e-05,-1.62814e-05,-2.53452e-05,8.22461e-06,-2.51774e-06,-6.88182e-06,-0.000123033,-0.00011632,1.25887e-05,-5.03548e-07
44928,44928,35.6781,-1.27565e-05,-1.52743e-05,-2.1149e-05,1.67849e-06,-1.4435e-05,-9.23171e-06,-3.70947e-05,-0.000129244,1.30922e-05,1.17494e-06
44929,44929,35.6789,-1.04067e-05,-1.59457e-05,-1.49386e-05,-1.15816e-05,-1.15816e-05,-1.02388e-05,2.04776e-05,-0.000138476,9.9031e-06,2.18204e-06
44930,44930,35.6797,-1.04067e-05,-1.49386e-05,-1.15816e-05,-2.56809e-05,-1.09102e-05,-8.56031e-06,0.000127062,-0.000110277,5.20333e-06,3.18914e-06
44931,44931,35.6805,-8.56031e-06,-1.15816e-05,-9.56741e-06,-2.61845e-05,-9.56741e-06,-7.88891e-06,0.000129915,-7.03288e-05,-1.67849e-06,5.53903e-06
44932,44932,35.6813,-2.51774e-06,-6.21042e-06,-7.55322e-06,-1.09102e-05,-3.52483e-06,-5.53903e-06,0.00010927,-6.41184e-05,-1.51064e-06,7.88891e-06
44933,44933,35.6821,-3.02129e-06,-3.18914e-06,-6.21042e-06,-3.86053e-06,-8.56031e-06,-6.54612e-06,0.00013579,-5.01869e-05,-2.85344e-06,5.87472e-06
44934,44934,35.6829,-1.59457e-05,-8.56031e-06,-1.49386e-05,-8.89601e-06,-1.99741e-05,-6.21042e-06,7.50286e-05,-2.3331e-05,-2.34989e-06,5.53903e-06
44935,44935,35.6837,-1.86313e-05,-1.61135e-05,-2.40024e-05,-1.17494e-05,-2.56809e-05,-3.52483e-06,2.63523e-05,-1.98062e-05,-3.52483e-06,4.53193e-06
44936,44936,35.6845,-1.66171e-05,-1.82956e-05,-2.63523e-05,-1.19173e-05,-3.20592e-05,-3.35698e-07,4.19623e-06,-2.06455e-05,-5.53903e-06,5.20333e-06
44937,44937,35.6853,-1.46029e-05,-1.69528e-05,-2.70237e-05,-1.07424e-05,-2.97093e-05,-4.86763e-06,-5.16976e-05,-1.17494e-06,3.18914e-06,7.55322e-06
44938,44938,35.6861,-1.49386e-05,-1.62814e-05,-2.60166e-05,-1.81277e-05,-2.83665e-05,-7.55322e-06,-7.16716e-05,4.81727e-05,2.18204e-06,7.72107e-06
44939,44939,35.6869,-1.42672e-05,-1.84634e-05,-2.56809e-05,-1.69528e-05,-3.50805e-05,-4.86763e-06,-3.0045e-05,6.52934e-05,1.51064e-06,8.56031e-06
44940,44940,35.6876,-1.24208e-05,-1.72885e-05,-2.73594e-05,-3.02129e-06,-3.37377e-05,-7.55322e-06,2.63523e-05,6.22721e-05,-4.53193e-06,7.88891e-06
44941,44941,35.6884,-1.27565e-05,-1.46029e-05,-2.97093e-05,2.18204e-06,-2.29953e-05,-5.53903e-06,6.1265e-05,5.84115e-05,-9.56741e-06,9.56741e-06
44942,44942,35.6892,-9.56741e-06,-1.0071e-05,-2.40024e-05,-6.88182e-06,-2.09812e-05,-5.03548e-06,3.72625e-05,5.80758e-05,-4.36408e-06,1.25887e-05
44943,44943,35.69,-1.19173e-05,-1.67849e-07,-2.4506e-05,-1.46029e-05,-2.18204e-05,-6.88182e-06,1.15816e-05,6.09293e-05,1.561e-05,1.42672e-05
44944,44944,35.6908,-1.57778e-05,-8.39246e-07,-2.56809e-05,-1.35958e-05,-1.76242e-05,-5.53903e-06,4.53193e-06,5.75723e-05,2.26596e-05,1.71206e-05
44945,44945,35.6916,-1.49386e-05,-5.70687e-06,-2.06455e-05,-2.16526e-05,-1.25887e-05,-3.69268e-06,-1.67849e-07,5.58938e-05,-1.02388e-05,1.69528e-05
44946,44946,35.6924,-1.29244e-05,-1.04067e-05,-2.19883e-05,-3.91089e-05,-1.35958e-05,-3.35698e-06,-1.51064e-06,5.22011e-05,-2.90379e-05,1.37636e-05
44947,44947,35.6932,-1.37636e-05,-1.82956e-05,-2.29953e-05,-5.28725e-05,-1.52743e-05,-3.52483e-06,-6.37827e-06,4.81727e-05,-1.66171e-05,1.32601e-05
44948,44948,35.694,-6.88182e-06,-2.36667e-05,-2.23239e-05,-3.86053e-05,-1.27565e-05,-2.85344e-06,-7.72107e-06,5.82437e-05,-1.76242e-05,1.46029e-05
44949,44949,35.6948,6.71397e-07,-1.76242e-05,-1.561e-05,-2.24918e-05,-1.67849e-05,-5.20333e-06,-8.56031e-06,5.69009e-05,-1.62814e-05,1.7792e-05
44950,44950,35.6956,3.86053e-06,-1.2253e-05,-1.12459e-05,-1.93027e-05,-1.86313e-05,-5.03548e-06,-1.09102e-05,4.61585e-05,-1.09102e-05,2.06455e-05
44951,44951,35.6964,3.02129e-06,-6.88182e-06,-1.05745e-05,-1.46029e-05,-1.39315e-05,-5.53903e-06,-1.12459e-05,3.54162e-05,1.84634e-06,2.48417e-05
44952,44952,35.6972,-1.61135e-05,-4.36408e-06,-9.73526e-06,-9.56741e-06,-1.72885e-05,-3.52483e-06,-1.09102e-05,3.10521e-05,1.05745e-05,2.41703e-05
44953,44953,35.698,-5.62295e-05,-1.52743e-05,-1.93027e-05,-7.38537e-06,-2.70237e-05,-4.86763e-06,-1.05745e-05,1.79599e-05,2.13169e-05,2.56809e-05
44954,44954,35.6988,-6.86503e-05,-2.18204e-05,-2.26596e-05,-5.70687e-06,-2.3331e-05,-5.20333e-06,-8.22461e-06,6.88182e-06,4.80049e-05,2.71916e-05
44955,44955,35.6996,-3.6759e-05,-1.62814e-05,-2.19883e-05,-1.09102e-05,-1.24208e-05,-2.85344e-06,-8.72816e-06,3.18914e-06,7.55322e-05,2.13169e-05
44956,44956,35.7004,-1.54421e-05,-1.17494e-05,-2.21561e-05,-1.15816e-05,-6.54612e-06,-1.84634e-06,-5.87472e-06,-1.25887e-05,6.16007e-05,1.82956e-05
44957,44957,35.7011,-1.24208e-05,-1.15816e-05,-2.09812e-05,-9.23171e-06,6.37827e-06,-1.67849e-06,-4.19623e-06,-1.12459e-05,3.122e-05,1.69528e-05
44958,44958,35.7019,-1.2253e-05,-1.30922e-05,-1.91348e-05,-1.09102e-05,1.62814e-05,5.03548e-07,-1.51064e-06,-3.02129e-06,1.24208e-05,1.2253e-05
44959,44959,35.7027,-1.12459e-05,-1.69528e-05,-1.59457e-05,-1.51064e-06,1.02388e-05,5.03548e-07,-2.51774e-06,-4.36408e-06,1.19173e-05,1.14137e-05
44960,44960,35.7035,-1.02388e-05,-1.40993e-05,-1.42672e-05,1.79599e-05,-7.55322e-06,-2.85344e-06,-1.0071e-06,-1.39315e-05,1.86313e-05,1.07424e-05
44961,44961,35.7043,-1.10781e-05,-1.25887e-05,-2.03098e-05,1.39315e-05,-2.97093e-05,-4.19623e-06,-5.03548e-07,-1.84634e-05,1.76242e-05,9.9031e-06
44962,44962,35.7051,-8.22461e-06,-1.46029e-05,-2.63523e-05,-2.18204e-06,-4.58228e-05,-7.21752e-06,2.18204e-06,-1.74563e-05,1.37636e-05,7.88891e-06
44963,44963,35.7059,-3.18914e-06,-1.29244e-05,-2.63523e-05,-1.52743e-05,-5.33761e-05,-6.88182e-06,2.01419e-06,-1.72885e-05,-3.35698e-07,5.03548e-06
44964,44964,35.7067,-7.55322e-06,-9.56741e-06,-2.71916e-05,-2.56809e-05,-6.02579e-05,-6.21042e-06,4.86763e-06,-2.23239e-05,-1.32601e-05,1.51064e-06
44965,44965,35.7075,-8.56031e-06,-6.88182e-06,-2.70237e-05,-3.39055e-05,-6.96574e-05,-8.56031e-06,5.03548e-06,-2.50095e-05,-2.4506e-05,2.01419e-06
44966,44966,35.7083,-1.10781e-05,-1.25887e-05,-2.56809e-05,-3.87732e-05,-6.52934e-05,-9.23171e-06,1.67849e-07,-2.56809e-05,-2.60166e-05,-1.17494e-06
44967,44967,35.7091,-1.15816e-05,-1.35958e-05,-2.60166e-05,-2.70237e-05,-4.53193e-05,-9.73526e-06,2.18204e-06,-2.65202e-05,-2.04776e-05,8.39246e-07
44968,44968,35.7099,-6.88182e-06,-9.73526e-06,-2.36667e-05,-1.32601e-05,-2.90379e-05,-8.39246e-06,3.18914e-06,-2.73594e-05,-2.90379e-05,5.03548e-07
44969,44969,35.7107,-9.06386e-06,-1.2253e-05,-2.60166e-05,-2.21561e-05,-8.22461e-06,-6.21042e-06,2.51774e-06,-3.17235e-05,-5.18654e-05,-4.19623e-06
44970,44970,35.7115,-9.9031e-06,-1.25887e-05,-2.75273e-05,-4.41444e-05,4.53193e-06,-7.88891e-06,3.52483e-06,-3.30663e-05,-5.35439e-05,-9.56741e-06
44971,44971,35.7123,-1.04067e-05,-9.56741e-06,-2.38346e-05,-5.65652e-05,1.84634e-06,-9.23171e-06,3.35698e-06,-3.20592e-05,-4.31373e-05,-1.09102e-05
44972,44972,35.7131,-1.37636e-05,-1.17494e-05,-2.34989e-05,-5.74044e-05,-2.85344e-06,-9.56741e-06,2.85344e-06,-2.73594e-05,-3.10521e-05,-1.02388e-05
44973,44973,35.7139,-1.561e-05,-2.18204e-05,-2.03098e-05,-4.31373e-05,-9.9031e-06,-8.56031e-06,6.54612e-06,-2.29953e-05,-1.05745e-05,-1.32601e-05
44974,44974,35.7146,-1.52743e-05,-2.38346e-05,-1.25887e-05,-2.43381e-05,-1.46029e-05,-7.21752e-06,5.53903e-06,-2.83665e-05,1.05745e-05,-1.35958e-05
44975,44975,35.7154,-9.06386e-06,-2.09812e-05,-1.82956e-05,-1.02388e-05,-2.31632e-05,-2.18204e-06,3.18914e-06,-3.23949e-05,3.77661e-05,-1.46029e-05
44976,44976,35.7162,-8.39246e-07,-1.69528e-05,-2.19883e-05,-1.40993e-05,-8.17426e-05,-3.02129e-06,7.88891e-06,-2.83665e-05,5.75723e-05,-8.89601e-06
44977,44977,35.717,2.51774e-06,-1.52743e-05,-2.26596e-05,-1.29244e-05,-0.000123033,-5.70687e-06,4.53193e-06,-2.90379e-05,7.3518e-05,-2.18204e-06
44978,44978,35.7178,2.51774e-06,-1.46029e-05,-2.46738e-05,-7.55322e-06,-6.32792e-05,-5.20333e-06,5.03548e-07,-3.122e-05,8.02319e-05,3.69268e-06
44979,44979,35.7186,2.18204e-06,-1.37636e-05,-2.29953e-05,-1.19173e-05,-1.99741e-05,-3.52483e-06,2.01419e-06,-2.23239e-05,6.42863e-05,1.84634e-06
44980,44980,35.7194,-2.85344e-06,-1.35958e-05,-2.03098e-05,-1.4435e-05,9.23171e-06,-4.19623e-06,1.84634e-06,-1.76242e-05,1.52743e-05,-5.03548e-07
44981,44981,35.7202,-5.70687e-06,-1.39315e-05,-1.86313e-05,-1.09102e-05,2.04776e-05,-8.22461e-06,3.18914e-06,-2.14847e-05,-3.25628e-05,-2.51774e-06
44982,44982,35.721,-1.67849e-06,-1.24208e-05,-1.86313e-05,-5.53903e-06,2.58488e-05,-9.56741e-06,3.02129e-06,-1.98062e-05,-4.26337e-05,-5.53903e-06
44983,44983,35.7218,-2.85344e-06,-1.39315e-05,-2.06455e-05,-6.21042e-06,3.3402e-05,-9.56741e-06,4.19623e-06,-1.81277e-05,-3.84375e-05,-4.86763e-06
44984,44984,35.7226,-1.14137e-05,-1.82956e-05,-2.51774e-05,-2.01419e-06,2.92058e-05,-6.71397e-06,5.20333e-06,-1.27565e-05,-3.23949e-05,-6.21042e-06
44985,44985,35.7234,-1.49386e-05,-9.56741e-06,-2.60166e-05,1.67849e-07,2.40024e-05,-3.86053e-06,6.88182e-06,-6.54612e-06,-3.03807e-05,-5.20333e-06
44986,44986,35.7242,-1.35958e-05,-2.51774e-06,-2.46738e-05,7.55322e-06,3.10521e-05,-4.86763e-06,6.88182e-06,1.67849e-07,-2.90379e-05,-5.53903e-06
44987,44987,35.725,-1.49386e-05,-6.37827e-06,-2.29953e-05,1.99741e-05,2.23239e-05,3.35698e-07,5.53903e-06,2.18204e-06,-1.51064e-05,-5.20333e-06
44988,44988,35.7258,-1.09102e-05,-8.89601e-06,-1.96384e-05,1.52743e-05,1.14137e-05,1.84634e-06,5.53903e-06,7.04967e-06,5.87472e-06,-6.21042e-06
44989,44989,35.7266,-8.72816e-06,-1.04067e-05,-2.03098e-05,-1.04067e-05,4.19623e-06,-4.53193e-06,6.54612e-06,1.32601e-05,7.88891e-06,-8.89601e-06
44990,44990,35.7274,-1.10781e-05,-1.49386e-05,-2.23239e-05,-2.40024e-05,-6.54612e-06,-8.22461e-06,7.21752e-06,1.04067e-05,-1.67849e-07,-7.72107e-06
44991,44991,35.7281,-1.42672e-05,-1.98062e-05,-2.03098e-05,-3.37377e-05,-1.98062e-05,-8.22461e-06,6.04257e-06,7.21752e-06,-7.21752e-06,-8.56031e-06
44992,44992,35.7289,-1.561e-05,-2.06455e-05,-1.8967e-05,-3.60876e-05,-2.60166e-05,-9.73526e-06,6.54612e-06,7.72107e-06,-6.54612e-06,-3.86053e-06
44993,44993,35.7297,-1.67849e-05,-2.06455e-05,-2.04776e-05,-5.05226e-05,-2.23239e-05,-9.56741e-06,6.88182e-06,4.86763e-06,1.17494e-06,2.51774e-06
44994,44994,35.7305,-1.76242e-05,-2.3331e-05,-2.29953e-05,-4.95155e-05,-2.43381e-05,-8.22461e-06,7.21752e-06,-6.37827e-06,1.0071e-05,9.73526e-06
44995,44995,35.7313,-1.59457e-05,-1.79599e-05,-2.36667e-05,-3.47448e-05,-3.05486e-05,-5.53903e-06,6.21042e-06,-1.42672e-05,1.17494e-05,1.2253e-05
44996,44996,35.7321,-1.4435e-05,-1.15816e-05,-2.31632e-05,-2.14847e-05,-3.122e-05,-8.22461e-06,8.56031e-06,-2.03098e-05,1.39315e-05,1.32601e-05
44997,44997,35.7329,-1.79599e-05,-1.42672e-05,-2.19883e-05,-9.39956e-06,-3.32342e-05,-4.53193e-06,9.56741e-06,-2.70237e-05,7.88891e-06,1.15816e-05
44998,44998,35.7337,-1.84634e-05,-1.79599e-05,-1.86313e-05,1.67849e-07,-3.37377e-05,-1.67849e-07,9.56741e-06,-4.07874e-05,-5.03548e-07,7.21752e-06
44999,44999,35.7345,-1.29244e-05,-1.52743e-05,-1.561e-05,2.51774e-06,-3.02129e-05,-3.86053e-06,1.0071e-05,-4.95155e-05,-4.53193e-06,7.21752e-06
45000,45000,35.7353,-1.05745e-05,-1.09102e-05,-1.76242e-05,-5.53903e-06,-2.63523e-05,-9.9031e-06,9.9031e-06,-6.02579e-05,-6.88182e-06,3.86053e-06
45001,45001,35.7361,-1.09102e-05,-1.05745e-05,-1.96384e-05,-1.2253e-05,-2.06455e-05,-8.22461e-06,8.22461e-06,-7.10002e-05,-3.86053e-06,3.69268e-06
45002,45002,35.7369,-9.56741e-06,-7.72107e-06,-1.86313e-05,-1.76242e-05,-1.19173e-05,-5.20333e-06,9.9031e-06,-8.54353e-05,-1.51064e-06,9.73526e-06
45003,45003,35.7377,-1.4435e-05,-9.06386e-06,-1.96384e-05,-2.70237e-05,-9.9031e-06,-2.18204e-06,7.88891e-06,-9.28206e-05,1.67849e-06,1.49386e-05
45004,45004,35.7385,-1.51064e-05,-1.2253e-05,-1.79599e-05,-2.36667e-05,-9.56741e-06,-4.36408e-06,8.22461e-06,-0.000101549,4.36408e-06,1.7792e-05
45005,45005,35.7393,-9.56741e-06,-1.42672e-05,-1.59457e-05,-1.66171e-05,-1.29244e-05,-6.88182e-06,8.39246e-06,-0.000107759,8.05676e-06,1.94705e-05
45006,45006,35.7401,-8.89601e-06,-1.79599e-05,-2.09812e-05,-1.15816e-05,-1.32601e-05,-4.02838e-06,7.04967e-06,-0.000111955,6.88182e-06,2.03098e-05
45007,45007,35.7409,-1.32601e-05,-2.09812e-05,-2.63523e-05,-1.39315e-05,-1.29244e-05,-3.52483e-06,7.55322e-06,-0.000112963,4.86763e-06,1.99741e-05
45008,45008,35.7416,-1.2253e-05,-1.8967e-05,-2.85344e-05,-2.06455e-05,-1.81277e-05,1.67849e-07,8.39246e-06,-0.000107591,5.53903e-06,2.03098e-05
45009,45009,35.7424,-1.46029e-05,-1.52743e-05,-3.17235e-05,-2.53452e-05,-2.26596e-05,8.39246e-07,7.72107e-06,-0.000102556,-2.85344e-06,2.18204e-05
45010,45010,35.7432,-1.37636e-05,-1.14137e-05,-3.47448e-05,-3.20592e-05,-1.96384e-05,1.67849e-06,9.23171e-06,-9.3492e-05,-4.36408e-06,2.29953e-05
45011,45011,35.744,-9.56741e-06,-7.88891e-06,-2.29953e-05,-3.62554e-05,-2.19883e-05,3.52483e-06,8.56031e-06,-8.37568e-05,-1.51064e-06,2.16526e-05
45012,45012,35.7448,-9.9031e-06,-6.88182e-06,-1.76242e-05,-2.70237e-05,-3.81018e-05,-1.51064e-06,8.39246e-06,-7.10002e-05,-4.86763e-06,2.29953e-05
45013,45013,35.7456,-1.81277e-05,-5.53903e-06,-2.03098e-05,-1.82956e-05,-3.92767e-05,-5.53903e-06,1.12459e-05,-5.18654e-05,-8.05676e-06,2.43381e-05
45014,45014,35.7464,-1.62814e-05,-7.55322e-06,-2.06455e-05,-1.32601e-05,-2.97093e-05,-7.04967e-06,9.73526e-06,-3.23949e-05,-8.89601e-06,2.1149e-05
45015,45015,35.7472,-1.49386e-05,-8.22461e-06,-1.91348e-05,-6.88182e-06,-2.60166e-05,-3.35698e-06,9.56741e-06,-2.1149e-05,-6.21042e-06,1.79599e-05
45016,45016,35.748,-1.79599e-05,-1.10781e-05,-1.71206e-05,5.70687e-06,-2.41703e-05,-5.70687e-06,1.19173e-05,-1.51064e-06,-1.51064e-06,1.76242e-05
45017,45017,35.7488,-1.8967e-05,-1.7792e-05,-1.7792e-05,9.9031e-06,-2.56809e-05,-9.56741e-06,1.15816e-05,1.93027e-05,2.80308e-05,1.74563e-05
45018,45018,35.7496,-1.79599e-05,-2.09812e-05,-1.39315e-05,2.85344e-06,-2.24918e-05,-7.04967e-06,1.17494e-05,2.50095e-05,3.81018e-05,1.42672e-05
45019,45019,35.7504,-1.76242e-05,-1.96384e-05,-1.12459e-05,-6.21042e-06,-1.8967e-05,-7.21752e-06,1.07424e-05,2.90379e-05,1.15816e-05,9.73526e-06
45020,45020,35.7512,-1.96384e-05,-2.09812e-05,-1.02388e-05,-2.50095e-05,-1.69528e-05,-6.37827e-06,8.56031e-06,3.02129e-05,9.9031e-06,8.22461e-06
45021,45021,35.752,-1.71206e-05,-2.16526e-05,-1.09102e-05,-4.24659e-05,-1.96384e-05,-5.53903e-06,7.88891e-06,3.20592e-05,2.31632e-05,9.23171e-06
45022,45022,35.7528,-1.15816e-05,-2.24918e-05,-1.72885e-05,-3.17235e-05,-1.86313e-05,-6.88182e-06,6.04257e-06,3.20592e-05,3.20592e-05,9.06386e-06
45023,45023,35.7536,-9.9031e-06,-2.3331e-05,-2.1149e-05,-2.56809e-05,-1.29244e-05,-3.18914e-06,5.20333e-06,3.54162e-05,3.07164e-05,9.23171e-06
45024,45024,35.7544,-1.15816e-05,-1.66171e-05,-2.70237e-05,-4.73335e-05,-1.29244e-05,-3.02129e-06,8.56031e-06,4.04517e-05,1.72885e-05,7.55322e-06
45025,45025,35.7551,-1.25887e-05,-1.29244e-05,-2.70237e-05,-5.35439e-05,-1.69528e-05,-7.88891e-06,6.21042e-06,4.24659e-05,7.55322e-06,8.39246e-06
45026,45026,35.7559,-1.30922e-05,-1.29244e-05,-2.63523e-05,-3.64233e-05,-1.86313e-05,-6.21042e-06,7.72107e-06,3.08843e-05,1.05745e-05,7.38537e-06
45027,45027,35.7567,-1.39315e-05,-1.47707e-05,-2.53452e-05,-2.83665e-05,-1.49386e-05,-3.86053e-06,1.12459e-05,1.52743e-05,2.97093e-05,5.03548e-06
45028,45028,35.7575,-1.09102e-05,-9.06386e-06,-2.63523e-05,-2.50095e-05,-1.66171e-05,-5.53903e-06,9.06386e-06,2.34989e-06,3.05486e-05,2.51774e-06
45029,45029,35.7583,-1.09102e-05,-9.9031e-06,-2.56809e-05,-2.03098e-05,-2.29953e-05,-4.02838e-06,5.70687e-06,-4.86763e-06,1.25887e-05,-4.19623e-06
45030,45030,35.7591,-1.27565e-05,-1.76242e-05,-2.23239e-05,-1.49386e-05,-1.79599e-05,-4.86763e-06,6.54612e-06,-1.10781e-05,5.53903e-06,-9.56741e-06
45031,45031,35.7599,-1.24208e-05,-1.66171e-05,-2.56809e-05,-7.88891e-06,-1.02388e-05,-5.87472e-06,4.53193e-06,-2.73594e-05,-8.39246e-07,-1.09102e-05
45032,45032,35.7607,-1.19173e-05,-1.69528e-05,-2.50095e-05,-4.19623e-06,-8.22461e-06,-6.21042e-06,5.03548e-07,-5.10262e-05,-4.86763e-06,-1.2253e-05
45033,45033,35.7615,-1.0071e-05,-1.84634e-05,-2.50095e-05,-3.02129e-06,-1.39315e-05,-6.88182e-06,-2.68559e-06,-6.56291e-05,-5.53903e-06,-1.61135e-05
45034,45034,35.7623,-6.21042e-06,-1.62814e-05,-2.50095e-05,-8.72816e-06,-1.76242e-05,-8.22461e-06,-4.86763e-06,-8.50996e-05,-6.88182e-06,-1.52743e-05
45035,45035,35.7631,-8.22461e-06,-6.88182e-06,-2.18204e-05,-1.93027e-05,-1.99741e-05,-6.88182e-06,-5.53903e-06,-0.000106249,-9.9031e-06,-1.62814e-05
45036,45036,35.7639,-8.39246e-06,3.69268e-06,-1.69528e-05,-2.36667e-05,-2.36667e-05,-9.56741e-06,-7.21752e-06,-0.000124376,-1.25887e-05,-1.7792e-05
45037,45037,35.7647,-8.05676e-06,2.85344e-06,-1.69528e-05,-1.82956e-05,-2.83665e-05,-1.02388e-05,-6.88182e-06,-0.000138476,-1.32601e-05,-1.79599e-05
45038,45038,35.7655,-1.02388e-05,-9.56741e-06,-1.46029e-05,-9.56741e-06,-2.36667e-05,-7.04967e-06,-9.39956e-06,-0.000151064,-1.49386e-05,-1.52743e-05
45039,45039,35.7663,-1.12459e-05,-1.76242e-05,-1.09102e-05,-3.52483e-06,-1.8967e-05,-2.68559e-06,-1.49386e-05,-0.000159121,-2.09812e-05,-1.15816e-05
45040,45040,35.7671,-1.37636e-05,-1.82956e-05,-7.88891e-06,-1.17494e-06,-1.2253e-05,-1.17494e-06,-1.561e-05,-0.000164324,-2.40024e-05,-1.12459e-05
45041,45041,35.7679,-1.19173e-05,-1.49386e-05,-1.42672e-05,4.86763e-06,-1.39315e-05,-1.84634e-06,-1.2253e-05,-0.000173724,-1.76242e-05,-6.54612e-06
45042,45042,35.7686,-1.24208e-05,-1.82956e-05,-1.8967e-05,1.24208e-05,-1.51064e-05,-2.34989e-06,-5.70687e-06,-0.00018027,-1.2253e-05,-2.85344e-06
45043,45043,35.7694,-1.24208e-05,-1.66171e-05,-1.8967e-05,7.88891e-06,-8.39246e-06,-4.19623e-06,1.67849e-06,-0.000184131,-1.39315e-05,-1.17494e-06
45044,45044,35.7702,-1.561e-05,-1.4435e-05,-2.29953e-05,-7.04967e-06,-6.21042e-06,-3.69268e-06,1.42672e-05,-0.000185473,-1.29244e-05,1.84634e-06
45045,45045,35.771,-1.35958e-05,-1.24208e-05,-2.50095e-05,-1.04067e-05,-6.88182e-06,-2.18204e-06,2.04776e-05,-0.000188159,-1.51064e-06,6.54612e-06
45046,45046,35.7718,-1.02388e-05,-1.20851e-05,-2.29953e-05,-1.67849e-07,-1.0071e-05,-1.0071e-06,2.3331e-05,-0.000187655,2.18204e-06,1.27565e-05
45047,45047,35.7726,-9.23171e-06,-1.37636e-05,-2.43381e-05,-4.86763e-06,-1.35958e-05,-2.68559e-06,2.50095e-05,-0.000177752,3.52483e-06,2.06455e-05
45048,45048,35.7734,-8.39246e-06,-1.19173e-05,-2.70237e-05,-1.66171e-05,-8.22461e-06,-5.87472e-06,3.50805e-05,-0.000162646,1.32601e-05,2.3331e-05
45049,45049,35.7742,-7.88891e-06,-7.21752e-06,-2.97093e-05,-1.72885e-05,-2.85344e-06,-4.19623e-06,4.73335e-05,-0.000147875,1.93027e-05,2.46738e-05
45050,45050,35.775,-8.56031e-06,-7.88891e-06,-2.93736e-05,-1.96384e-05,-1.17494e-06,-2.51774e-06,5.50546e-05,-0.000122362,3.18914e-06,2.06455e-05
45051,45051,35.7758,-9.73526e-06,-1.32601e-05,-2.98772e-05,-2.50095e-05,-1.09102e-05,-4.53193e-06,5.57259e-05,-0.000104402,-1.15816e-05,1.59457e-05
45052,45052,35.7766,-1.14137e-05,-2.1149e-05,-2.43381e-05,-3.44091e-05,-2.3331e-05,-8.22461e-06,4.98512e-05,-8.69459e-05,-1.51064e-06,1.40993e-05
45053,45053,35.7774,-1.17494e-05,-1.84634e-05,-2.29953e-05,-2.6688e-05,-3.07164e-05,-3.52483e-06,4.36408e-05,-7.21752e-05,1.32601e-05,1.49386e-05
45054,45054,35.7782,-1.37636e-05,-1.09102e-05,-2.36667e-05,-1.69528e-05,-2.88701e-05,-1.67849e-06,3.94446e-05,-5.85794e-05,3.86053e-06,1.02388e-05
45055,45055,35.779,-1.59457e-05,-9.56741e-06,-2.16526e-05,-1.84634e-05,-2.36667e-05,-1.05745e-05,3.54162e-05,-4.36408e-05,-2.81987e-05,3.18914e-06
45056,45056,35.7798,-1.64492e-05,-1.12459e-05,-1.99741e-05,-1.19173e-05,-1.71206e-05,-1.02388e-05,1.8967e-05,-2.80308e-05,-5.55581e-05,-1.0071e-06
45057,45057,35.7806,-1.561e-05,-1.42672e-05,-2.09812e-05,-9.23171e-06,-1.35958e-05,-6.21042e-06,2.34989e-06,-9.23171e-06,-5.80758e-05,-3.02129e-06
45058,45058,35.7814,-1.57778e-05,-1.35958e-05,-1.91348e-05,-1.02388e-05,-1.82956e-05,-8.22461e-06,-1.02388e-05,4.53193e-06,-2.90379e-05,4.19623e-06
45059,45059,35.7821,-9.56741e-06,-6.37827e-06,-1.51064e-05,-1.66171e-05,-2.16526e-05,-7.72107e-06,-1.81277e-05,1.27565e-05,-1.02388e-05,7.55322e-06
45060,45060,35.7829,-9.23171e-06,-8.39246e-07,-1.76242e-05,-8.56031e-06,-1.91348e-05,-4.86763e-06,-2.23239e-05,2.4506e-05,-1.0071e-05,1.02388e-05
45061,45061,35.7837,-1.2253e-05,-9.56741e-06,-1.72885e-05,6.21042e-06,-1.42672e-05,-7.72107e-06,-2.46738e-05,3.64233e-05,2.38346e-05,1.25887e-05
45062,45062,35.7845,-1.2253e-05,-2.38346e-05,-1.66171e-05,-4.53193e-06,-1.64492e-05,-8.22461e-06,-2.63523e-05,4.36408e-05,6.17685e-05,1.46029e-05
45063,45063,35.7853,-1.20851e-05,-2.85344e-05,-1.561e-05,-1.09102e-05,-1.49386e-05,-4.53193e-06,-2.73594e-05,5.58938e-05,6.29435e-05,1.30922e-05
45064,45064,35.7861,-1.2253e-05,-2.3331e-05,-1.12459e-05,-1.12459e-05,-1.49386e-05,-1.84634e-06,-2.51774e-05,6.76432e-05,6.02579e-05,1.561e-05
45065,45065,35.7869,-1.49386e-05,-1.62814e-05,-1.05745e-05,-1.96384e-05,-1.30922e-05,-1.67849e-07,-2.38346e-05,7.40215e-05,4.91798e-05,1.39315e-05
45066,45066,35.7877,-1.52743e-05,-1.19173e-05,-1.32601e-05,-2.6688e-05,-7.72107e-06,2.18204e-06,-2.29953e-05,7.97284e-05,6.09293e-05,9.56741e-06
45067,45067,35.7885,-1.76242e-05,-1.37636e-05,-1.62814e-05,-3.50805e-05,5.03548e-07,2.34989e-06,-2.36667e-05,8.5771e-05,7.43572e-05,9.23171e-06
45068,45068,35.7893,-1.94705e-05,-1.19173e-05,-1.42672e-05,-3.6759e-05,6.88182e-06,1.84634e-06,-2.09812e-05,9.08064e-05,5.42153e-05,1.05745e-05
45069,45069,35.7901,-1.79599e-05,-9.56741e-06,-1.79599e-05,-2.75273e-05,-3.18914e-06,1.0071e-06,-1.72885e-05,9.21492e-05,2.26596e-05,9.73526e-06
45070,45070,35.7909,-1.81277e-05,-1.2253e-05,-2.29953e-05,-2.98772e-05,-2.80308e-05,-4.86763e-06,-1.62814e-05,8.91279e-05,1.62814e-05,7.21752e-06
45071,45071,35.7917,-1.98062e-05,-1.15816e-05,-2.70237e-05,-4.48157e-05,-6.05936e-05,-1.10781e-05,-1.62814e-05,8.37568e-05,1.96384e-05,9.06386e-06
45072,45072,35.7925,-1.76242e-05,-1.19173e-05,-3.23949e-05,-4.91798e-05,-6.8986e-05,-8.39246e-06,-1.46029e-05,8.00641e-05,2.40024e-05,1.09102e-05
45073,45073,35.7933,-1.09102e-05,-1.15816e-05,-2.73594e-05,-4.85084e-05,-5.82437e-05,-1.12459e-05,-1.2253e-05,8.19104e-05,6.09293e-05,8.89601e-06
45074,45074,35.7941,-7.55322e-06,-1.19173e-05,-2.4506e-05,-4.11231e-05,-4.68299e-05,-9.9031e-06,-8.72816e-06,8.5771e-05,7.80499e-05,7.88891e-06
45075,45075,35.7949,-8.22461e-06,-1.40993e-05,-2.56809e-05,-2.83665e-05,-3.37377e-05,-1.09102e-05,-5.20333e-06,8.47639e-05,2.87022e-05,8.05676e-06
45076,45076,35.7956,-6.88182e-06,-1.69528e-05,-2.7863e-05,-1.2253e-05,-2.75273e-05,-9.23171e-06,1.84634e-06,8.2414e-05,-2.40024e-05,5.87472e-06
45077,45077,35.7964,-1.02388e-05,-2.03098e-05,-2.6688e-05,5.53903e-06,-2.85344e-05,-8.22461e-06,1.15816e-05,8.40925e-05,-5.35439e-05,3.86053e-06
45078,45078,35.7972,-9.73526e-06,-2.29953e-05,-2.36667e-05,1.32601e-05,-2.13169e-05,-5.70687e-06,1.72885e-05,8.76173e-05,-5.82437e-05,1.51064e-06
45079,45079,35.798,-9.23171e-06,-2.06455e-05,-2.70237e-05,1.24208e-05,-1.91348e-05,-3.02129e-06,2.46738e-05,8.37568e-05,-7.13359e-05,-3.02129e-06
45080,45080,35.7988,-1.05745e-05,-2.1149e-05,-3.05486e-05,8.39246e-07,-1.81277e-05,-3.35698e-07,2.93736e-05,8.17426e-05,-9.09743e-05,-4.86763e-06
45081,45081,35.7996,-9.73526e-06,-1.94705e-05,-2.70237e-05,2.34989e-06,-9.73526e-06,-1.51064e-06,2.53452e-05,8.34211e-05,-6.66362e-05,-5.20333e-06
45082,45082,35.8004,-1.37636e-05,-1.62814e-05,-2.38346e-05,1.19173e-05,-3.86053e-06,1.67849e-07,1.02388e-05,7.73785e-05,-1.29244e-05,-4.36408e-06
45083,45083,35.8012,-1.84634e-05,-1.25887e-05,-2.46738e-05,2.03098e-05,3.18914e-06,-2.51774e-06,-3.52483e-06,6.36149e-05,4.31373e-05,-2.01419e-06
45084,45084,35.802,-2.19883e-05,-1.2253e-05,-2.60166e-05,4.19623e-06,8.39246e-07,-4.19623e-06,-5.53903e-06,5.38796e-05,7.6875e-05,4.86763e-06
45085,45085,35.8028,-3.17235e-05,-1.09102e-05,-2.83665e-05,-1.35958e-05,-4.19623e-06,-6.71397e-07,-4.69978e-06,4.54871e-05,6.16007e-05,7.88891e-06
45086,45086,35.8036,-3.37377e-05,-4.53193e-06,-2.93736e-05,-1.79599e-05,-2.51774e-06,1.0071e-06,-5.87472e-06,3.77661e-05,4.28016e-05,5.70687e-06
45087,45087,35.8044,-2.83665e-05,8.39246e-07,-2.83665e-05,-2.73594e-05,-1.62814e-05,-8.39246e-07,-5.03548e-06,3.52483e-05,3.87732e-05,5.03548e-06
45088,45088,35.8052,-1.8967e-05,-3.86053e-06,-2.09812e-05,-4.448e-05,-3.37377e-05,-6.21042e-06,-4.19623e-06,2.90379e-05,1.46029e-05,4.69978e-06
45089,45089,35.806,-6.54612e-06,-1.09102e-05,-1.79599e-05,-3.94446e-05,-3.3402e-05,-8.22461e-06,8.39246e-07,2.63523e-05,-3.74304e-05,3.35698e-07
45090,45090,35.8068,-1.67849e-07,-1.76242e-05,-1.72885e-05,-4.7837e-05,-3.45769e-05,-1.10781e-05,6.88182e-06,2.80308e-05,-2.90379e-05,-2.85344e-06
45091,45091,35.8076,2.34989e-06,-1.8967e-05,-1.76242e-05,-5.38796e-05,-3.77661e-05,-9.73526e-06,7.21752e-06,2.58488e-05,-3.0045e-05,-9.23171e-06
45092,45092,35.8084,4.19623e-06,-1.30922e-05,-1.57778e-05,-3.42412e-05,-3.30663e-05,-5.53903e-06,1.76242e-05,2.16526e-05,-0.000108934,-1.66171e-05
45093,45093,35.8091,8.22461e-06,-1.17494e-05,-1.02388e-05,-1.14137e-05,-2.38346e-05,-5.53903e-06,2.38346e-05,1.52743e-05,-0.000173724,-2.98772e-05
45094,45094,35.8099,3.52483e-06,-1.96384e-05,-7.72107e-06,1.10781e-05,-1.12459e-05,-1.67849e-07,2.63523e-05,1.29244e-05,-0.000190173,-3.47448e-05
45095,45095,35.8107,-8.39246e-07,-1.32601e-05,-1.35958e-05,2.26596e-05,-4.02838e-06,4.19623e-06,1.99741e-05,1.0071e-05,-0.000127062,-2.63523e-05
45096,45096,35.8115,-1.84634e-06,-6.88182e-06,-1.52743e-05,1.25887e-05,-6.21042e-06,-5.03548e-07,9.56741e-06,-1.0071e-06,-4.98512e-05,-1.86313e-05
45097,45097,35.8123,-7.72107e-06,-9.56741e-06,-1.76242e-05,-5.20333e-06,-5.03548e-07,-5.53903e-06,0.0,-8.56031e-06,5.03548e-06,-1.49386e-05
45098,45098,35.8131,-1.561e-05,-1.32601e-05,-2.16526e-05,-1.99741e-05,-2.85344e-06,-5.53903e-06,-1.12459e-05,-1.74563e-05,8.14069e-05,-3.18914e-06
45099,45099,35.8139,-2.58488e-05,-1.30922e-05,-2.51774e-05,-3.84375e-05,-6.21042e-06,-6.54612e-06,-1.09102e-05,-2.34989e-05,0.000156771,1.20851e-05
45100,45100,35.8147,-2.83665e-05,-1.76242e-05,-2.63523e-05,-4.83406e-05,-4.19623e-06,-6.04257e-06,-1.67849e-06,-3.25628e-05,0.00018732,3.02129e-05
45101,45101,35.8155,-1.87991e-05,-1.66171e-05,-2.70237e-05,-4.11231e-05,-5.03548e-06,-4.19623e-06,5.20333e-06,-3.47448e-05,0.000135958,4.61585e-05
45102,45102,35.8163,-1.54421e-05,-1.93027e-05,-2.53452e-05,-3.23949e-05,-1.27565e-05,8.39246e-07,6.04257e-06,-4.21302e-05,0.000139483,4.91798e-05
45103,45103,35.8171,-1.49386e-05,-2.43381e-05,-2.50095e-05,-2.87022e-05,-1.81277e-05,-5.03548e-07,1.39315e-05,-4.7837e-05,0.000191012,4.21302e-05
45104,45104,35.8179,-1.66171e-05,-2.29953e-05,-2.19883e-05,-1.7792e-05,-2.93736e-05,-3.18914e-06,2.3331e-05,-5.06905e-05,0.000113634,3.44091e-05
45105,45105,35.8187,-2.16526e-05,-2.23239e-05,-1.52743e-05,-1.561e-05,-3.60876e-05,-7.88891e-06,2.76951e-05,-5.00191e-05,4.26337e-05,2.31632e-05
45106,45106,35.8195,-2.60166e-05,-2.23239e-05,-1.76242e-05,-2.09812e-05,-3.10521e-05,-1.05745e-05,3.44091e-05,-5.25368e-05,6.59647e-05,1.32601e-05
45107,45107,35.8203,-1.42672e-05,-2.09812e-05,-1.8967e-05,-2.80308e-05,-2.01419e-05,-8.56031e-06,5.18654e-05,-5.08583e-05,7.60357e-05,7.04967e-06
45108,45108,35.8211,-1.67849e-06,-8.89601e-06,-1.82956e-05,-2.87022e-05,-9.23171e-06,-8.56031e-06,6.26078e-05,-4.71656e-05,3.17235e-05,-1.51064e-06
45109,45109,35.8219,5.03548e-06,7.72107e-06,-1.62814e-05,-2.98772e-05,-1.09102e-05,-3.52483e-06,5.72366e-05,-5.01869e-05,-2.56809e-05,-8.39246e-06
45110,45110,35.8226,1.8967e-05,6.54612e-06,-1.2253e-05,-2.7863e-05,-1.30922e-05,-3.69268e-06,4.53193e-05,-5.47189e-05,-6.66362e-05,-1.49386e-05
45111,45111,35.8234,2.93736e-05,3.35698e-07,-1.42672e-05,-2.46738e-05,-9.56741e-06,-1.12459e-05,3.3402e-05,-5.7908e-05,-0.00010457,-2.1149e-05
45112,45112,35.8242,2.80308e-05,-5.37118e-06,-1.66171e-05,-2.16526e-05,-5.20333e-06,-9.23171e-06,1.98062e-05,-6.1265e-05,-0.000115648,-2.65202e-05
45113,45113,35.825,2.65202e-05,-7.88891e-06,-1.82956e-05,-3.86053e-06,-1.09102e-05,-6.04257e-06,5.20333e-06,-6.86503e-05,-0.000100206,-2.80308e-05
45114,45114,35.8258,2.63523e-05,-1.19173e-05,-2.26596e-05,1.42672e-05,-1.4435e-05,-3.35698e-06,-4.19623e-06,-7.13359e-05,-7.33501e-05,-2.43381e-05
45115,45115,35.8266,1.32601e-05,-1.37636e-05,-2.36667e-05,2.70237e-05,-1.2253e-05,4.19623e-06,-8.39246e-06,-7.30144e-05,-7.10002e-05,-1.96384e-05
45116,45116,35.8274,-8.22461e-06,-1.64492e-05,-2.36667e-05,3.23949e-05,-1.76242e-05,5.03548e-07,-1.62814e-05,-7.0161e-05,-7.06645e-05,-1.09102e-05
45117,45117,35.8282,-2.87022e-05,-1.32601e-05,-2.87022e-05,2.43381e-05,-3.65911e-05,-1.51064e-06,-1.98062e-05,-7.25109e-05,-4.80049e-05,-8.39246e-07
45118,45118,35.829,-4.83406e-05,-8.22461e-06,-3.37377e-05,1.71206e-05,-3.47448e-05,-2.18204e-06,-2.38346e-05,-7.53643e-05,-1.91348e-05,-1.0071e-06
45119,45119,35.8298,-5.1194e-05,-8.22461e-06,-2.97093e-05,1.09102e-05,-4.53193e-06,-1.51064e-06,-2.51774e-05,-7.9057e-05,3.69268e-06,-1.17494e-06
45120,45120,35.8306,-5.84115e-05,-1.27565e-05,-2.29953e-05,1.02388e-05,9.56741e-06,-2.18204e-06,-1.99741e-05,-7.70428e-05,-1.62814e-05,5.03548e-07
45121,45121,35.8314,-5.85794e-05,-1.82956e-05,-1.96384e-05,-4.86763e-06,9.06386e-06,-1.84634e-06,-9.56741e-06,-7.46929e-05,-1.76242e-05,3.35698e-06
45122,45122,35.8322,-5.69009e-05,-1.76242e-05,-2.3331e-05,-2.87022e-05,1.51064e-06,-8.39246e-07,-1.67849e-07,-7.08324e-05,-1.57778e-05,5.70687e-06
45123,45123,35.833,-5.08583e-05,-1.66171e-05,-2.18204e-05,-5.05226e-05,-1.35958e-05,-1.51064e-06,1.02388e-05,-6.91539e-05,-1.39315e-05,1.57778e-05
45124,45124,35.8338,-4.31373e-05,-1.8967e-05,-1.91348e-05,-6.1265e-05,-5.1194e-05,-7.04967e-06,7.55322e-06,-6.73075e-05,2.60166e-05,2.83665e-05
45125,45125,35.8346,-3.13878e-05,-2.36667e-05,-2.06455e-05,-5.28725e-05,-6.66362e-05,-6.37827e-06,6.21042e-06,-6.05936e-05,9.75204e-05,2.80308e-05
45126,45126,35.8354,-1.93027e-05,-2.29953e-05,-2.29953e-05,-3.81018e-05,-5.27047e-05,-7.21752e-06,9.9031e-06,-5.38796e-05,8.09033e-05,2.53452e-05
45127,45127,35.8361,-5.87472e-06,-2.21561e-05,-1.96384e-05,-1.19173e-05,-2.19883e-05,-3.69268e-06,1.12459e-05,-5.58938e-05,2.23239e-05,1.59457e-05
45128,45128,35.8369,1.29244e-05,-2.58488e-05,-1.8967e-05,-2.34989e-06,-3.02129e-06,1.51064e-06,3.69268e-06,-5.75723e-05,-5.52224e-05,6.88182e-06
45129,45129,35.8377,2.51774e-05,-3.03807e-05,-2.4506e-05,-6.37827e-06,-2.60166e-05,-4.36408e-06,-8.89601e-06,-5.82437e-05,-0.000126726,8.89601e-06
45130,45130,35.8385,3.17235e-05,-2.46738e-05,-2.53452e-05,-1.49386e-05,-3.30663e-05,-9.73526e-06,-1.19173e-05,-5.60616e-05,-0.000115648,9.56741e-06
45131,45131,35.8393,3.03807e-05,-1.8967e-05,-2.76951e-05,-1.86313e-05,-7.55322e-06,-7.88891e-06,-1.14137e-05,-4.63264e-05,-0.000105074,1.19173e-05
45132,45132,35.8401,1.2253e-05,-1.15816e-05,-2.56809e-05,-1.17494e-05,1.86313e-05,-3.52483e-06,-1.2253e-05,-4.38087e-05,-0.000137804,9.23171e-06
45133,45133,35.8409,-2.41703e-05,-2.28275e-05,-2.56809e-05,-1.49386e-05,3.50805e-05,-1.51064e-06,-1.15816e-05,-4.11231e-05,-0.000141329,6.88182e-06
45134,45134,35.8417,-4.11231e-05,-3.40734e-05,-2.18204e-05,-1.49386e-05,1.30922e-05,-2.51774e-06,-9.06386e-06,-4.54871e-05,-3.40734e-05,2.13169e-05
45135,45135,35.8425,-3.03807e-05,-2.23239e-05,-1.76242e-05,-1.15816e-05,-1.99741e-05,-2.85344e-06,-8.89601e-06,-4.58228e-05,0.000143511,5.15297e-05
45136,45136,35.8433,-2.7863e-05,-1.39315e-05,-1.82956e-05,-1.66171e-05,-2.23239e-05,-8.22461e-06,-2.01419e-06,-4.31373e-05,0.000231968,6.69719e-05
45137,45137,35.8441,-4.448e-05,-8.89601e-06,-1.76242e-05,-2.85344e-05,-2.03098e-05,-9.9031e-06,4.69978e-06,-3.59197e-05,0.000242878,7.20073e-05
45138,45138,35.8449,-6.1265e-05,-2.18204e-06,-1.42672e-05,-3.57519e-05,-1.62814e-05,-6.54612e-06,4.19623e-06,-3.10521e-05,0.000213001,7.31823e-05
45139,45139,35.8457,-6.09293e-05,6.54612e-06,-1.29244e-05,-4.36408e-05,-2.16526e-05,-7.04967e-06,-4.86763e-06,-2.85344e-05,0.000133776,5.74044e-05
45140,45140,35.8465,-3.81018e-05,-1.67849e-07,-1.561e-05,-5.2369e-05,-3.18914e-05,-2.18204e-06,-7.21752e-06,-2.6688e-05,1.67849e-05,2.87022e-05
45141,45141,35.8473,-2.03098e-05,-9.56741e-06,-1.05745e-05,-3.74304e-05,-4.11231e-05,1.67849e-06,-3.69268e-06,-1.561e-05,-2.46738e-05,7.88891e-06
45142,45142,35.8481,-1.32601e-05,-1.42672e-05,-9.56741e-06,-2.95415e-05,-4.98512e-05,5.03548e-07,-4.19623e-06,-3.52483e-06,-1.09102e-05,2.34989e-06
45143,45143,35.8489,-7.72107e-06,-8.05676e-06,-1.561e-05,-2.16526e-05,-4.19623e-05,-2.01419e-06,-1.17494e-06,2.51774e-06,-1.15816e-05,2.51774e-06
45144,45144,35.8496,-6.54612e-06,2.51774e-06,-1.96384e-05,-1.69528e-05,-2.56809e-05,-4.36408e-06,-1.67849e-07,9.23171e-06,-1.54421e-05,4.53193e-06
45145,45145,35.8504,-1.0071e-06,-2.85344e-06,-2.1149e-05,-1.02388e-05,-2.60166e-05,-1.51064e-06,4.53193e-06,1.93027e-05,-1.35958e-05,-5.03548e-07
45146,45146,35.8512,6.54612e-06,-8.22461e-06,-2.6688e-05,-6.88182e-06,-2.56809e-05,-3.86053e-06,4.19623e-06,2.93736e-05,-2.36667e-05,-5.20333e-06
45147,45147,35.852,4.53193e-06,-1.25887e-05,-2.90379e-05,-1.24208e-05,-2.16526e-05,-1.12459e-05,2.85344e-06,2.40024e-05,-2.97093e-05,-8.22461e-06
45148,45148,35.8528,3.52483e-06,-2.56809e-05,-3.03807e-05,-2.13169e-05,-1.93027e-05,-9.56741e-06,1.04067e-05,2.19883e-05,-2.36667e-05,-1.10781e-05
45149,45149,35.8536,4.19623e-06,-2.38346e-05,-2.90379e-05,-2.06455e-05,-2.23239e-05,-1.05745e-05,1.561e-05,2.24918e-05,-1.62814e-05,-1.2253e-05
45150,45150,35.8544,7.38537e-06,-1.99741e-05,-2.6688e-05,-1.66171e-05,-1.49386e-05,-1.29244e-05,1.72885e-05,1.98062e-05,-2.29953e-05,-1.25887e-05
45151,45151,35.8552,8.56031e-06,-2.60166e-05,-2.06455e-05,-2.24918e-05,-1.20851e-05,-1.54421e-05,1.94705e-05,1.64492e-05,-3.45769e-05,-1.35958e-05
45152,45152,35.856,3.02129e-06,-2.80308e-05,-1.8967e-05,-2.56809e-05,-4.64942e-05,-1.79599e-05,2.09812e-05,2.13169e-05,-4.81727e-05,-2.24918e-05
45153,45153,35.8568,-5.53903e-06,-1.49386e-05,-2.09812e-05,-2.16526e-05,-8.07355e-05,-1.76242e-05,1.46029e-05,1.96384e-05,-4.54871e-05,-3.70947e-05
45154,45154,35.8576,-8.22461e-06,-1.76242e-05,-2.43381e-05,-1.46029e-05,-7.0161e-05,-1.14137e-05,6.54612e-06,2.13169e-05,-2.03098e-05,-4.58228e-05
45155,45155,35.8584,8.39246e-07,-2.53452e-05,-2.43381e-05,-7.88891e-06,-4.28016e-05,-9.9031e-06,3.02129e-06,2.23239e-05,-2.04776e-05,-5.00191e-05
45156,45156,35.8592,2.51774e-06,-2.53452e-05,-2.03098e-05,-8.22461e-06,-1.19173e-05,-1.12459e-05,-1.17494e-06,1.93027e-05,-5.05226e-05,-5.40475e-05
45157,45157,35.86,8.39246e-07,-2.3331e-05,-1.62814e-05,-1.57778e-05,4.36408e-06,-6.88182e-06,1.51064e-06,1.57778e-05,-6.02579e-05,-5.92508e-05
45158,45158,35.8608,-1.05745e-05,-1.54421e-05,-1.37636e-05,-2.21561e-05,4.53193e-06,-5.20333e-06,2.18204e-06,1.46029e-05,-4.98512e-05,-5.75723e-05
45159,45159,35.8616,-2.46738e-05,-6.21042e-06,-1.79599e-05,-2.36667e-05,-1.30922e-05,-3.69268e-06,-1.67849e-07,7.04967e-06,-2.4506e-05,-4.7837e-05
45160,45160,35.8624,-3.30663e-05,1.17494e-06,-2.24918e-05,-2.98772e-05,-3.74304e-05,-4.86763e-06,1.17494e-06,-1.17494e-06,-9.56741e-06,-2.6688e-05
45161,45161,35.8631,-3.3402e-05,8.56031e-06,-2.3331e-05,-3.64233e-05,-3.77661e-05,-4.86763e-06,2.51774e-06,-5.87472e-06,-1.84634e-05,-1.49386e-05
45162,45162,35.8639,-2.87022e-05,7.88891e-06,-2.51774e-05,-4.21302e-05,-1.61135e-05,-2.85344e-06,3.86053e-06,-5.03548e-06,3.23949e-05,-3.18914e-06
45163,45163,35.8647,-2.70237e-05,2.18204e-06,-2.7863e-05,-3.70947e-05,7.21752e-06,-2.85344e-06,4.69978e-06,-9.56741e-06,5.27047e-05,1.12459e-05
45164,45164,35.8655,-1.39315e-05,-8.89601e-06,-2.87022e-05,-2.63523e-05,2.34989e-05,-6.71397e-06,6.54612e-06,-1.46029e-05,3.122e-05,3.18914e-06
45165,45165,35.8663,6.21042e-06,-1.57778e-05,-2.71916e-05,-1.84634e-05,2.63523e-05,-2.51774e-06,6.71397e-06,-2.36667e-05,2.16526e-05,-1.10781e-05
45166,45166,35.8671,2.83665e-05,-9.73526e-06,-2.16526e-05,-1.54421e-05,1.17494e-06,-2.85344e-06,3.86053e-06,-2.93736e-05,2.13169e-05,-2.3331e-05
45167,45167,35.8679,3.97803e-05,-8.22461e-06,-2.06455e-05,-1.79599e-05,-3.0045e-05,-1.67849e-06,1.17494e-06,-3.57519e-05,-1.8967e-05,-3.79339e-05
45168,45168,35.8687,4.17945e-05,-1.66171e-05,-1.42672e-05,-4.36408e-06,-3.87732e-05,3.52483e-06,-5.53903e-06,-4.58228e-05,-6.66362e-05,-4.41444e-05
45169,45169,35.8695,3.3402e-05,-1.25887e-05,-1.42672e-05,1.09102e-05,-4.17945e-05,5.03548e-06,-4.86763e-06,-4.68299e-05,-5.75723e-05,-4.04517e-05
45170,45170,35.8703,8.56031e-06,-9.06386e-06,-2.60166e-05,1.76242e-05,-4.07874e-05,5.20333e-06,-8.39246e-07,-4.7837e-05,-6.21042e-06,-3.13878e-05
45171,45171,35.8711,-6.88182e-06,-1.12459e-05,-2.29953e-05,1.66171e-05,-2.70237e-05,-1.51064e-06,-1.17494e-06,-5.4551e-05,2.38346e-05,-1.17494e-06
45172,45172,35.8719,-1.12459e-05,-1.25887e-05,-2.06455e-05,2.61845e-05,-7.55322e-06,-2.51774e-06,-2.51774e-06,-5.38796e-05,3.6759e-05,4.19623e-05
45173,45173,35.8727,-1.72885e-05,-8.56031e-06,-1.93027e-05,2.06455e-05,3.18914e-06,-3.35698e-07,-1.51064e-06,-6.10971e-05,0.000103899,9.76883e-05
45174,45174,35.8735,-1.72885e-05,-8.89601e-06,-1.96384e-05,6.88182e-06,2.68559e-06,-1.51064e-06,2.85344e-06,-6.27756e-05,0.000175906,0.000154925
45175,45175,35.8743,-2.38346e-05,-1.35958e-05,-1.96384e-05,1.39315e-05,1.57778e-05,5.70687e-06,1.32601e-05,-6.07614e-05,0.000141161,0.000153246
45176,45176,35.8751,-2.63523e-05,-1.35958e-05,-1.57778e-05,-1.67849e-06,2.53452e-05,7.55322e-06,1.87991e-05,-5.99222e-05,0.000126894,0.000110948
45177,45177,35.8759,-3.57519e-05,-1.79599e-05,-1.51064e-05,-1.98062e-05,1.09102e-05,-1.67849e-07,2.43381e-05,-6.16007e-05,0.000150896,0.000102892
45178,45178,35.8766,-4.24659e-05,-1.82956e-05,-1.2253e-05,-3.0045e-05,3.52483e-06,-5.37118e-06,4.28016e-05,-6.26078e-05,0.000140658,0.000101717
45179,45179,35.8774,-4.66621e-05,-1.8967e-05,-1.35958e-05,-1.66171e-05,3.18914e-06,-4.86763e-06,5.33761e-05,-6.09293e-05,0.000124041,9.95346e-05
45180,45180,35.8782,-6.36149e-05,-2.51774e-05,-1.49386e-05,5.03548e-07,2.34989e-06,-4.53193e-06,3.87732e-05,-6.36149e-05,0.000110781,0.000101213
45181,45181,35.879,-7.67071e-05,-2.63523e-05,-1.79599e-05,-2.85344e-06,-5.03548e-07,-5.70687e-06,3.37377e-05,-6.93217e-05,5.87472e-05,7.63714e-05
45182,45182,35.8798,-6.51255e-05,-2.16526e-05,-2.03098e-05,3.23949e-05,2.01419e-06,-3.52483e-06,3.84375e-05,-7.03288e-05,1.66171e-05,3.0045e-05
45183,45183,35.8806,-3.50805e-05,-1.02388e-05,-2.19883e-05,5.33761e-05,-6.21042e-06,-4.53193e-06,4.21302e-05,-6.52934e-05,-2.34989e-06,-3.35698e-07
45184,45184,35.8814,-2.85344e-06,-2.85344e-06,-2.43381e-05,3.07164e-05,-2.23239e-05,-3.52483e-06,3.79339e-05,-6.69719e-05,-1.93027e-05,-1.74563e-05
45185,45185,35.8822,9.9031e-06,-7.21752e-06,-2.56809e-05,3.35698e-06,-1.62814e-05,-3.18914e-06,2.36667e-05,-7.36858e-05,-4.17945e-05,-3.47448e-05
45186,45186,35.883,3.52483e-06,-9.56741e-06,-2.75273e-05,-1.66171e-05,-6.71397e-07,-5.53903e-06,1.49386e-05,-7.62036e-05,-0.000171374,-6.32792e-05
45187,45187,35.8838,-3.52483e-06,-1.561e-05,-2.87022e-05,-2.36667e-05,6.21042e-06,-4.02838e-06,8.22461e-06,-7.43572e-05,-0.000168688,-6.26078e-05
45188,45188,35.8846,8.89601e-06,-1.561e-05,-2.70237e-05,-2.93736e-05,1.2253e-05,-2.85344e-06,2.51774e-06,-7.87213e-05,-1.561e-05,-2.60166e-05
45189,45189,35.8854,1.93027e-05,-6.21042e-06,-2.3331e-05,-3.37377e-05,1.46029e-05,-6.54612e-06,-3.02129e-06,-8.00641e-05,2.56809e-05,-1.10781e-05
45190,45190,35.8862,2.80308e-05,-9.9031e-06,-1.76242e-05,-4.448e-05,1.84634e-06,-8.56031e-06,-1.15816e-05,-8.34211e-05,-5.80758e-05,-9.06386e-06
45191,45191,35.887,3.07164e-05,-1.91348e-05,-1.37636e-05,-4.7837e-05,-1.93027e-05,-1.19173e-05,-1.2253e-05,-8.87923e-05,-0.000184634,-1.93027e-05
45192,45192,35.8878,2.6688e-05,-1.86313e-05,-1.19173e-05,-4.66621e-05,-3.97803e-05,-1.09102e-05,-1.62814e-05,-9.28206e-05,-0.0002318,-3.52483e-06
45193,45193,35.8886,1.29244e-05,-2.31632e-05,-1.05745e-05,-4.7837e-05,-5.69009e-05,-8.89601e-06,-2.29953e-05,-9.39956e-05,-9.56741e-05,3.84375e-05
45194,45194,35.8894,-7.88891e-06,-2.58488e-05,-1.35958e-05,-3.15557e-05,-5.52224e-05,-1.07424e-05,-2.09812e-05,-9.14778e-05,6.71397e-05,5.82437e-05
45195,45195,35.8901,-1.71206e-05,-2.26596e-05,-1.91348e-05,-2.65202e-05,-5.52224e-05,-1.09102e-05,-1.54421e-05,-9.18135e-05,8.61067e-05,7.73785e-05
45196,45196,35.8909,-2.31632e-05,-1.42672e-05,-2.7863e-05,-4.14588e-05,-5.80758e-05,-9.9031e-06,-9.06386e-06,-9.11421e-05,3.25628e-05,8.03998e-05
45197,45197,35.8917,-8.22461e-06,-7.55322e-06,-2.90379e-05,-5.15297e-05,-5.84115e-05,-9.23171e-06,-8.39246e-07,-8.71138e-05,-6.69719e-05,6.63004e-05
45198,45198,35.8925,2.85344e-06,-4.86763e-06,-2.63523e-05,-5.75723e-05,-4.81727e-05,-7.21752e-06,8.56031e-06,-8.20783e-05,-0.000103731,7.48608e-05
45199,45199,35.8933,-1.30922e-05,-8.56031e-06,-2.70237e-05,-5.47189e-05,-3.23949e-05,-1.09102e-05,9.73526e-06,-8.02319e-05,-1.42672e-05,0.000100877
45200,45200,35.8941,-4.12909e-05,-1.15816e-05,-3.44091e-05,-6.17685e-05,-1.49386e-05,-1.09102e-05,7.38537e-06,-7.57e-05,-3.60876e-05,8.77852e-05
45201,45201,35.8949,-6.49577e-05,-1.17494e-05,-4.33051e-05,-8.81209e-05,-6.88182e-06,-8.72816e-06,7.21752e-06,-7.62036e-05,-7.53643e-05,4.58228e-05
45202,45202,35.8957,-7.55322e-05,-1.62814e-05,-4.04517e-05,-6.59647e-05,-5.87472e-06,-3.35698e-07,2.85344e-06,-8.10712e-05,-4.7837e-05,-1.10781e-05
45203,45203,35.8965,-7.18395e-05,-1.71206e-05,-2.63523e-05,-1.561e-05,-8.56031e-06,6.54612e-06,-1.34279e-06,-8.1239e-05,7.72107e-06,-8.02319e-05
45204,45204,35.8973,-6.41184e-05,-1.59457e-05,-2.03098e-05,4.21302e-05,-1.17494e-05,5.70687e-06,-5.87472e-06,-8.02319e-05,1.64492e-05,-0.000100542
45205,45205,35.8981,-4.7837e-05,-2.18204e-05,-2.4506e-05,6.76432e-05,-2.3331e-05,2.34989e-06,-3.18914e-06,-8.14069e-05,-4.7837e-05,-8.35889e-05
45206,45206,35.8989,-9.73526e-06,-2.50095e-05,-3.03807e-05,5.7908e-05,-2.83665e-05,3.69268e-06,-5.53903e-06,-8.00641e-05,-0.000108934,-6.79789e-05
45207,45207,35.8997,1.42672e-05,-2.60166e-05,-2.83665e-05,2.09812e-05,-2.29953e-05,6.71397e-07,-8.05676e-06,-7.95605e-05,-0.00015761,-7.30144e-05
45208,45208,35.9005,1.29244e-05,-1.96384e-05,-2.76951e-05,-2.85344e-06,-1.46029e-05,-1.51064e-06,-9.56741e-06,-7.70428e-05,-0.000133104,-7.33501e-05
45209,45209,35.9013,-2.18204e-06,-1.49386e-05,-2.46738e-05,-1.49386e-05,-4.19623e-06,-2.01419e-06,-1.09102e-05,-7.73785e-05,-1.67849e-07,-6.29435e-05
45210,45210,35.9021,-2.56809e-05,-1.39315e-05,-1.96384e-05,-3.07164e-05,3.35698e-07,-5.37118e-06,-8.05676e-06,-7.87213e-05,0.000105241,-5.65652e-05
45211,45211,35.9029,-3.59197e-05,-1.561e-05,-1.52743e-05,-4.85084e-05,1.51064e-06,-4.53193e-06,-1.67849e-07,-8.10712e-05,5.75723e-05,-6.86503e-05
45212,45212,35.9036,-2.36667e-05,-1.66171e-05,-1.62814e-05,-5.48867e-05,-3.69268e-06,-5.20333e-06,3.35698e-06,-7.87213e-05,6.05936e-05,-6.07614e-05
45213,45213,35.9044,-1.67849e-05,-1.98062e-05,-1.72885e-05,-5.47189e-05,-4.19623e-06,-9.56741e-06,3.86053e-06,-7.16716e-05,0.000108934,8.22461e-06
45214,45214,35.9052,-1.32601e-05,-2.18204e-05,-2.03098e-05,-4.39765e-05,-1.27565e-05,-1.19173e-05,3.52483e-06,-6.59647e-05,8.50996e-05,5.92508e-05
45215,45215,35.906,-1.37636e-05,-1.91348e-05,-1.62814e-05,-2.60166e-05,-2.87022e-05,-1.2253e-05,-2.51774e-06,-6.19364e-05,6.63004e-05,7.2343e-05
45216,45216,35.9068,-1.40993e-05,-1.8967e-05,-1.46029e-05,-9.9031e-06,-4.5655e-05,-1.12459e-05,-5.20333e-06,-5.27047e-05,5.18654e-05,5.1194e-05
45217,45217,35.9076,-2.09812e-05,-1.76242e-05,-1.561e-05,-4.86763e-06,-6.07614e-05,-8.56031e-06,-3.52483e-06,-4.48157e-05,4.48157e-05,-2.3331e-05
45218,45218,35.9084,-2.71916e-05,-1.8967e-05,-1.62814e-05,-1.2253e-05,-6.39506e-05,-8.22461e-06,-5.53903e-06,-4.04517e-05,2.01419e-05,-7.73785e-05
45219,45219,35.9092,-2.60166e-05,-2.23239e-05,-1.15816e-05,-5.03548e-07,-5.28725e-05,-4.86763e-06,-3.69268e-06,-3.91089e-05,7.55322e-06,-5.85794e-05
45220,45220,35.91,-3.84375e-05,-1.94705e-05,-8.89601e-06,1.42672e-05,-4.33051e-05,-4.86763e-06,4.53193e-06,-3.47448e-05,1.30922e-05,-6.54612e-06
45221,45221,35.9108,-6.14328e-05,-6.54612e-06,-1.05745e-05,1.25887e-05,-4.3473e-05,-4.69978e-06,8.89601e-06,-2.29953e-05,1.49386e-05,1.72885e-05
45222,45222,35.9116,-6.14328e-05,-3.52483e-06,-1.76242e-05,8.39246e-06,-4.14588e-05,-8.89601e-06,1.09102e-05,-9.56741e-06,5.03548e-06,-5.53903e-06
45223,45223,35.9124,-1.98062e-05,-7.88891e-06,-2.16526e-05,-2.73594e-05,-2.70237e-05,-1.12459e-05,1.62814e-05,1.05745e-05,-4.86763e-06,-4.12909e-05
45224,45224,35.9132,2.98772e-05,-8.56031e-06,-2.03098e-05,-5.72366e-05,-1.52743e-05,-1.15816e-05,1.86313e-05,3.17235e-05,-1.7792e-05,-5.25368e-05
45225,45225,35.914,5.35439e-05,-8.89601e-06,-1.79599e-05,-6.09293e-05,-1.69528e-05,-1.04067e-05,2.40024e-05,4.81727e-05,-3.3402e-05,-6.63004e-05
45226,45226,35.9148,3.20592e-05,-1.15816e-05,-1.96384e-05,-6.05936e-05,-1.561e-05,-1.09102e-05,2.36667e-05,7.60357e-05,-3.39055e-05,-6.99931e-05
45227,45227,35.9156,3.122e-05,-5.03548e-06,-2.06455e-05,-4.28016e-05,-5.72366e-05,-1.32601e-05,1.82956e-05,0.000107591,-4.17945e-05,-6.4622e-05
45228,45228,35.9164,4.61585e-05,5.03548e-07,-2.43381e-05,-2.70237e-05,-5.70687e-05,-1.12459e-05,1.10781e-05,0.000136126,-3.60876e-05,-6.39506e-05
45229,45229,35.9171,2.73594e-05,-2.85344e-06,-3.44091e-05,-1.09102e-05,-2.26596e-05,-1.04067e-05,6.21042e-06,0.000173053,-5.87472e-06,-7.9057e-05
45230,45230,35.9179,7.55322e-06,-8.22461e-06,-3.81018e-05,2.85344e-06,8.39246e-07,-1.67849e-06,9.06386e-06,0.000201251,4.48157e-05,-9.16457e-05
45231,45231,35.9187,-2.16526e-05,-7.55322e-06,-3.37377e-05,4.53193e-06,1.57778e-05,6.88182e-06,6.88182e-06,0.000225925,1.59457e-05,-9.24849e-05
45232,45232,35.9195,-3.74304e-05,-5.53903e-06,-2.76951e-05,5.20333e-06,3.75982e-05,6.04257e-06,5.53903e-06,0.000240192,-3.82696e-05,-9.61776e-05
45233,45233,35.9203,-3.50805e-05,-8.22461e-06,-1.99741e-05,5.20333e-06,5.32082e-05,7.55322e-06,4.86763e-06,0.000237507,-2.23239e-05,-8.74495e-05
45234,45234,35.9211,-2.56809e-05,-1.32601e-05,-1.86313e-05,-5.03548e-07,4.14588e-05,1.04067e-05,5.53903e-06,0.000223072,-6.54612e-06,-8.91279e-05
45235,45235,35.9219,-6.54612e-06,-1.32601e-05,-1.42672e-05,-1.49386e-05,-3.23949e-05,5.20333e-06,3.18914e-06,0.000211826,4.75013e-05,-6.39506e-05
45236,45236,35.9227,5.53903e-06,-1.25887e-05,-1.35958e-05,-2.29953e-05,-7.60357e-05,5.03548e-07,-8.39246e-07,0.000185473,0.000117327,5.48867e-05
45237,45237,35.9235,6.88182e-06,-1.12459e-05,-1.561e-05,-2.08133e-05,-6.05936e-05,1.67849e-07,-3.69268e-06,0.000163653,0.000100206,0.000150561
45238,45238,35.9243,4.53193e-06,-1.29244e-05,-1.82956e-05,-1.69528e-05,-4.21302e-05,-3.52483e-06,-3.52483e-06,0.000141833,5.15297e-05,0.000103899
45239,45239,35.9251,7.88891e-06,-1.12459e-05,-1.49386e-05,-1.561e-05,-1.12459e-05,-5.53903e-06,-1.84634e-06,9.04707e-05,3.75982e-05,-1.2253e-05
45240,45240,35.9259,3.86053e-06,-1.15816e-05,-1.49386e-05,-2.03098e-05,1.69528e-05,-4.36408e-06,8.39246e-07,2.46738e-05,3.08843e-05,-8.49317e-05
45241,45241,35.9267,-3.52483e-06,-7.55322e-06,-1.52743e-05,-2.36667e-05,4.95155e-05,-3.52483e-06,6.04257e-06,-1.35958e-05,-1.93027e-05,-0.000146532
45242,45242,35.9275,-9.23171e-06,-1.09102e-05,-1.49386e-05,-1.57778e-05,7.03288e-05,-5.70687e-06,6.21042e-06,-3.32342e-05,-2.98772e-05,-0.000157946
45243,45243,35.9283,-1.25887e-05,-1.05745e-05,-1.69528e-05,-1.32601e-05,6.69719e-05,-6.37827e-06,5.20333e-06,-5.16976e-05,1.04067e-05,-2.68559e-05
45244,45244,35.9291,-8.72816e-06,-6.54612e-06,-2.19883e-05,-1.2253e-05,5.08583e-05,-4.86763e-06,5.03548e-06,-6.47898e-05,7.10002e-05,9.31563e-05
45245,45245,35.9299,-7.55322e-06,-7.88891e-06,-2.19883e-05,-9.56741e-06,3.07164e-05,-6.88182e-06,8.72816e-06,-7.26787e-05,6.52934e-05,0.000115816
45246,45246,35.9306,-1.09102e-05,-1.04067e-05,-2.03098e-05,-8.22461e-06,-8.56031e-06,-5.03548e-06,1.20851e-05,-8.62745e-05,6.02579e-05,0.000124208
45247,45247,35.9314,-9.39956e-06,-1.42672e-05,-1.8967e-05,-1.04067e-05,-4.73335e-05,-1.0071e-06,1.25887e-05,-0.000108598,0.000100542,0.000158618
45248,45248,35.9322,-4.19623e-06,-1.2253e-05,-1.76242e-05,-9.9031e-06,-8.37568e-05,1.67849e-07,7.55322e-06,-0.000130083,-2.36667e-05,0.000215686
45249,45249,35.933,-5.53903e-06,-1.66171e-05,-2.29953e-05,-1.09102e-05,-8.86244e-05,-4.19623e-06,9.73526e-06,-0.000146532,-4.0116e-05,0.00022005
45250,45250,35.9338,-6.88182e-06,-2.23239e-05,-2.3331e-05,-7.04967e-06,-6.6804e-05,-6.88182e-06,7.88891e-06,-0.000153246,-7.55322e-06,0.000183124
45251,45251,35.9346,-6.88182e-06,-2.16526e-05,-2.13169e-05,-1.0071e-06,-3.30663e-05,-7.55322e-06,2.18204e-06,-0.000158282,-5.28725e-05,0.000160967
45252,45252,35.9354,-7.38537e-06,-1.87991e-05,-2.16526e-05,-2.18204e-06,-1.24208e-05,-6.88182e-06,1.67849e-06,-0.000170367,-1.02388e-05,0.000152239
45253,45253,35.9362,-8.05676e-06,-1.8967e-05,-2.19883e-05,-2.85344e-06,-1.09102e-05,-8.22461e-06,5.70687e-06,-0.000184634,0.000101884,0.000144854
45254,45254,35.937,-1.15816e-05,-2.06455e-05,-2.19883e-05,-4.53193e-06,-4.19623e-06,-7.55322e-06,6.54612e-06,-0.000193194,0.000146365,9.18135e-05
45255,45255,35.9378,-1.15816e-05,-2.09812e-05,-2.3331e-05,-7.72107e-06,7.04967e-06,-6.04257e-06,7.04967e-06,-0.000199741,5.22011e-05,4.39765e-05
45256,45256,35.9386,-7.55322e-06,-2.04776e-05,-2.40024e-05,-7.38537e-06,-3.52483e-06,-4.19623e-06,1.30922e-05,-0.000199908,-1.8967e-05,4.53193e-05
45257,45257,35.9394,-4.86763e-06,-2.1149e-05,-2.36667e-05,-8.22461e-06,-1.32601e-05,-1.84634e-06,6.54612e-06,-0.000188998,2.34989e-06,7.77142e-05
45258,45258,35.9402,-2.51774e-06,-1.69528e-05,-2.29953e-05,-1.51064e-05,-2.40024e-05,-1.51064e-06,1.67849e-07,-0.000188998,3.86053e-05,0.000113802
45259,45259,35.941,-4.19623e-06,-1.42672e-05,-2.3331e-05,-1.76242e-05,-2.83665e-05,-6.21042e-06,-4.53193e-06,-0.00018883,2.51774e-06,0.000142168
45260,45260,35.9418,-8.22461e-06,-3.69268e-06,-2.09812e-05,-1.82956e-05,-2.97093e-05,-5.53903e-06,-1.04067e-05,-0.000183795,3.37377e-05,0.000138811
45261,45261,35.9426,-1.12459e-05,7.88891e-06,-2.31632e-05,-1.86313e-05,-3.37377e-05,-6.37827e-06,-9.23171e-06,-0.000181781,7.62036e-05,0.000106752
45262,45262,35.9434,-1.09102e-05,7.55322e-06,-2.36667e-05,-1.98062e-05,-3.97803e-05,-8.22461e-06,-2.01419e-06,-0.000177752,-1.04067e-05,7.43572e-05
45263,45263,35.9441,-1.4435e-05,1.17494e-06,-2.29953e-05,-1.98062e-05,-3.47448e-05,-8.22461e-06,2.85344e-06,-0.000156435,-0.000102892,5.74044e-05
45264,45264,35.9449,-1.30922e-05,-7.72107e-06,-2.03098e-05,-2.31632e-05,-1.15816e-05,-8.89601e-06,6.37827e-06,-0.000146197,-0.000170031,1.24208e-05
45265,45265,35.9457,-1.02388e-05,-1.42672e-05,-2.24918e-05,-2.48417e-05,-7.38537e-06,-4.53193e-06,8.89601e-06,-0.000144686,-0.00024271,-3.82696e-05
45266,45266,35.9465,-9.06386e-06,-1.67849e-05,-1.99741e-05,-2.43381e-05,-2.90379e-05,1.17494e-06,1.32601e-05,-0.000153246,-0.000246571,-3.3402e-05
45267,45267,35.9473,-1.4435e-05,-1.96384e-05,-1.79599e-05,-1.76242e-05,-4.11231e-05,-8.39246e-07,2.24918e-05,-0.000138643,-0.000108598,1.17494e-06
45268,45268,35.9481,-1.81277e-05,-2.16526e-05,-2.03098e-05,-1.39315e-05,-4.12909e-05,-2.85344e-06,2.46738e-05,-0.000106249,1.39315e-05,5.53903e-05
45269,45269,35.9489,-1.7792e-05,-1.79599e-05,-2.24918e-05,-1.35958e-05,-4.0116e-05,-6.88182e-06,2.51774e-05,-9.58419e-05,0.000112963,3.96124e-05
45270,45270,35.9497,-1.99741e-05,-1.05745e-05,-2.4506e-05,-1.561e-05,-3.50805e-05,-1.02388e-05,2.36667e-05,-0.000107424,2.1149e-05,-3.60876e-05
45271,45271,35.9505,-1.76242e-05,-4.69978e-06,-2.46738e-05,-1.8967e-05,-3.23949e-05,-1.12459e-05,1.62814e-05,-0.00011397,-0.000169192,-4.19623e-05
45272,45272,35.9513,-1.561e-05,-3.02129e-06,-2.09812e-05,-2.31632e-05,-2.98772e-05,-9.9031e-06,1.30922e-05,-0.000112459,-0.000121019,8.39246e-07
45273,45273,35.9521,-1.76242e-05,-1.51064e-06,-2.40024e-05,-2.4506e-05,-2.24918e-05,-6.54612e-06,1.29244e-05,-0.000109773,5.4551e-05,1.86313e-05
45274,45274,35.9529,-1.54421e-05,-1.09102e-05,-2.71916e-05,-2.26596e-05,-1.62814e-05,-2.85344e-06,7.21752e-06,-0.000104738,0.000152911,-3.52483e-05
45275,45275,35.9537,-1.35958e-05,-2.06455e-05,-2.50095e-05,-2.29953e-05,-1.35958e-05,-3.18914e-06,-6.54612e-06,-0.000102556,0.00014284,-8.37568e-05
45276,45276,35.9545,-1.67849e-05,-2.19883e-05,-2.46738e-05,-1.96384e-05,-1.81277e-05,-8.89601e-06,-1.09102e-05,-0.000107591,8.17426e-05,-0.000122362
45277,45277,35.9553,-1.2253e-05,-1.84634e-05,-2.53452e-05,-1.39315e-05,-1.96384e-05,-1.09102e-05,-1.09102e-05,-0.000119005,0.000117327,-0.000135119
45278,45278,35.9561,-1.24208e-05,-1.79599e-05,-2.36667e-05,-1.15816e-05,-1.84634e-05,-6.88182e-06,-1.04067e-05,-0.000140826,0.000144015,-4.54871e-05
45279,45279,35.9569,-1.76242e-05,-1.93027e-05,-2.16526e-05,-1.29244e-05,-2.24918e-05,-3.02129e-06,-1.12459e-05,-0.000142504,9.09743e-05,2.87022e-05
45280,45280,35.9576,-1.67849e-05,-1.52743e-05,-1.72885e-05,-1.46029e-05,-2.87022e-05,-4.19623e-06,6.71397e-07,-0.000129915,1.25887e-05,-6.37827e-06
45281,45281,35.9584,-1.57778e-05,-1.69528e-05,-1.25887e-05,-1.46029e-05,-3.30663e-05,-6.54612e-06,1.37636e-05,-0.000115816,-3.64233e-05,-5.7908e-05
45282,45282,35.9592,-1.42672e-05,-1.69528e-05,-1.02388e-05,-1.2253e-05,-2.55131e-05,-4.86763e-06,2.53452e-05,-9.95346e-05,4.31373e-05,-4.59907e-05
45283,45283,35.96,-1.37636e-05,-1.2253e-05,-1.46029e-05,-1.76242e-05,-1.84634e-05,-5.37118e-06,3.13878e-05,-9.88632e-05,0.00011783,8.39246e-07
45284,45284,35.9608,-1.35958e-05,-1.69528e-05,-1.09102e-05,-1.81277e-05,-1.32601e-05,-6.21042e-06,2.90379e-05,-7.87213e-05,0.000174731,-5.70687e-06
45285,45285,35.9616,-1.42672e-05,-1.76242e-05,-1.29244e-05,-1.49386e-05,-1.02388e-05,-9.56741e-06,1.66171e-05,-5.52224e-05,0.00012639,-0.000146532
45286,45286,35.9624,-1.37636e-05,-2.09812e-05,-1.76242e-05,-2.03098e-05,-1.57778e-05,-5.87472e-06,1.12459e-05,-4.04517e-05,5.85794e-05,-0.000302968
45287,45287,35.9632,-1.59457e-05,-2.09812e-05,-2.03098e-05,-2.3331e-05,-1.57778e-05,-3.69268e-06,1.8967e-05,-3.10521e-05,1.49386e-05,-0.0002365
45288,45288,35.964,-1.76242e-05,-2.16526e-05,-2.26596e-05,-2.19883e-05,-7.21752e-06,-3.18914e-06,1.7792e-05,-1.93027e-05,6.88182e-06,-0.000106416
45289,45289,35.9648,-1.76242e-05,-1.62814e-05,-2.31632e-05,-2.29953e-05,-8.22461e-06,5.03548e-07,1.76242e-05,-1.32601e-05,5.03548e-07,-0.0001467
45290,45290,35.9656,-1.69528e-05,-1.32601e-05,-2.56809e-05,-2.16526e-05,-1.19173e-05,-8.39246e-07,1.19173e-05,-3.02129e-06,-1.72885e-05,-0.000141329
45291,45291,35.9664,-1.87991e-05,-1.8967e-05,-2.83665e-05,-1.76242e-05,-1.09102e-05,-5.20333e-06,7.55322e-06,2.51774e-06,-2.7863e-05,-1.61135e-05
45292,45292,35.9672,-2.36667e-05,-1.96384e-05,-3.0045e-05,-2.09812e-05,-1.39315e-05,-3.86053e-06,3.18914e-06,-2.18204e-06,-3.122e-05,9.48348e-05
45293,45293,35.968,-2.36667e-05,-1.62814e-05,-2.76951e-05,-2.08133e-05,-1.39315e-05,1.17494e-06,-3.18914e-06,-1.67849e-07,-5.01869e-05,0.00014519
45294,45294,35.9688,-1.79599e-05,-1.49386e-05,-2.36667e-05,-1.93027e-05,-5.70687e-06,2.85344e-06,-1.46029e-05,-5.03548e-07,-8.22461e-05,0.000164324
45295,45295,35.9696,-1.4435e-05,-1.37636e-05,-2.1149e-05,-1.81277e-05,-5.53903e-06,4.69978e-06,-2.61845e-05,-1.84634e-06,-0.000122362,0.00011783
45296,45296,35.9704,-1.52743e-05,-1.19173e-05,-2.19883e-05,-2.06455e-05,-1.82956e-05,1.51064e-06,-2.63523e-05,-6.71397e-07,-0.000153918,5.95865e-05
45297,45297,35.9711,-1.7792e-05,-1.71206e-05,-2.29953e-05,-1.76242e-05,-2.31632e-05,3.18914e-06,-2.3331e-05,-4.86763e-06,-0.00010692,9.03029e-05
45298,45298,35.9719,-1.49386e-05,-1.40993e-05,-2.36667e-05,-1.62814e-05,-2.29953e-05,5.03548e-07,-1.71206e-05,-6.54612e-06,1.66171e-05,9.91989e-05
45299,45299,35.9727,-1.52743e-05,-1.02388e-05,-2.46738e-05,-1.86313e-05,-1.8967e-05,-3.86053e-06,-7.21752e-06,-1.51064e-06,7.0161e-05,4.3473e-05
45300,45300,35.9735,-1.49386e-05,-1.05745e-05,-2.43381e-05,-1.93027e-05,-2.16526e-05,-6.54612e-06,-3.18914e-06,-1.84634e-06,-6.83146e-05,-1.46029e-05
45301,45301,35.9743,-1.2253e-05,-1.47707e-05,-2.56809e-05,-2.19883e-05,-2.09812e-05,-8.22461e-06,1.34279e-06,2.51774e-06,-0.000145525,-6.73075e-05
45302,45302,35.9751,-1.19173e-05,-1.37636e-05,-2.19883e-05,-2.09812e-05,-1.8967e-05,-3.86053e-06,5.20333e-06,6.21042e-06,-0.000191012,-0.000118669
45303,45303,35.9759,-7.88891e-06,-1.29244e-05,-2.09812e-05,-1.91348e-05,-1.49386e-05,-4.86763e-06,7.21752e-06,8.22461e-06,-0.000230793,-0.000116991
45304,45304,35.9767,-1.27565e-05,-1.49386e-05,-2.16526e-05,-1.76242e-05,-1.79599e-05,-7.04967e-06,7.21752e-06,1.09102e-05,-0.000140154,-6.86503e-05
45305,45305,35.9775,-1.42672e-05,-1.35958e-05,-1.91348e-05,-1.66171e-05,-1.84634e-05,-6.88182e-06,4.86763e-06,1.49386e-05,-6.76432e-05,-4.28016e-05
45306,45306,35.9783,-1.46029e-05,-1.46029e-05,-2.16526e-05,-1.62814e-05,-1.64492e-05,-6.88182e-06,1.09102e-05,1.72885e-05,3.6759e-05,-3.03807e-05
45307,45307,35.9791,-1.561e-05,-1.79599e-05,-2.29953e-05,-1.69528e-05,-1.47707e-05,-5.53903e-06,8.56031e-06,1.69528e-05,0.000137133,-2.80308e-05
45308,45308,35.9799,-1.49386e-05,-9.56741e-06,-2.19883e-05,-1.54421e-05,-2.36667e-05,-6.54612e-06,2.34989e-06,1.62814e-05,2.87022e-05,-2.58488e-05
45309,45309,35.9807,-1.39315e-05,-6.54612e-06,-2.29953e-05,-1.37636e-05,-3.0045e-05,-4.19623e-06,8.39246e-07,1.32601e-05,3.13878e-05,1.0071e-06
45310,45310,35.9815,-1.25887e-05,-3.86053e-06,-2.09812e-05,-1.49386e-05,-1.91348e-05,-1.67849e-07,3.18914e-06,1.39315e-05,8.49317e-05,5.69009e-05
45311,45311,35.9823,-1.57778e-05,-6.88182e-06,-1.82956e-05,-1.62814e-05,-1.49386e-05,5.03548e-07,7.72107e-06,1.59457e-05,2.93736e-05,9.65133e-05
45312,45312,35.9831,-1.561e-05,-1.2253e-05,-1.82956e-05,-1.82956e-05,-1.66171e-05,8.39246e-07,8.39246e-06,1.52743e-05,5.87472e-06,6.19364e-05
45313,45313,35.9839,-1.05745e-05,-1.52743e-05,-1.79599e-05,-1.79599e-05,-1.49386e-05,3.35698e-07,8.72816e-06,1.29244e-05,-1.2253e-05,8.89601e-06
45314,45314,35.9846,-6.37827e-06,-1.35958e-05,-1.62814e-05,-1.57778e-05,-1.15816e-05,-8.39246e-07,8.39246e-06,1.05745e-05,-8.54353e-05,-4.86763e-06
45315,45315,35.9854,-9.9031e-06,-1.17494e-05,-1.51064e-05,-1.8967e-05,-9.06386e-06,-2.34989e-06,9.9031e-06,6.54612e-06,-0.000127398,1.84634e-06
45316,45316,35.9862,-1.29244e-05,-1.62814e-05,-1.76242e-05,-1.99741e-05,-1.09102e-05,-2.51774e-06,1.62814e-05,1.07424e-05,-0.00011162,-1.67849e-05
45317,45317,35.987,-1.17494e-05,-1.2253e-05,-2.06455e-05,-1.32601e-05,-1.29244e-05,-1.84634e-06,1.25887e-05,7.21752e-06,-4.93477e-05,-5.40475e-05
45318,45318,35.9878,-1.30922e-05,-1.12459e-05,-1.99741e-05,-1.05745e-05,-1.42672e-05,-4.53193e-06,1.25887e-05,1.67849e-07,3.6759e-05,-3.13878e-05
45319,45319,35.9886,-1.35958e-05,-1.19173e-05,-2.36667e-05,-1.17494e-05,-2.06455e-05,-5.53903e-06,1.49386e-05,2.85344e-06,8.30854e-05,3.17235e-05
45320,45320,35.9894,-1.76242e-05,-1.51064e-05,-2.80308e-05,-1.14137e-05,-2.83665e-05,-7.55322e-06,1.2253e-05,2.01419e-06,8.40925e-05,2.46738e-05
45321,45321,35.9902,-1.69528e-05,-1.52743e-05,-2.87022e-05,-1.19173e-05,-2.40024e-05,-1.19173e-05,7.88891e-06,-5.03548e-07,0.000100542,-1.8967e-05
45322,45322,35.991,-1.57778e-05,-1.69528e-05,-2.90379e-05,-1.25887e-05,-1.67849e-05,-1.32601e-05,1.29244e-05,1.34279e-06,0.000155428,-3.87732e-05
45323,45323,35.9918,-1.59457e-05,-1.82956e-05,-2.73594e-05,-1.72885e-05,-1.93027e-05,-1.32601e-05,1.42672e-05,-3.18914e-06,5.58938e-05,-1.15816e-05
45324,45324,35.9926,-1.76242e-05,-1.76242e-05,-2.63523e-05,-1.71206e-05,-1.93027e-05,-1.02388e-05,6.88182e-06,-7.55322e-06,9.41634e-05,5.27047e-05
45325,45325,35.9934,-2.03098e-05,-1.66171e-05,-2.50095e-05,-1.42672e-05,-1.39315e-05,-1.05745e-05,1.17494e-06,-5.53903e-06,0.000171038,9.18135e-05
45326,45326,35.9942,-1.72885e-05,-1.71206e-05,-2.58488e-05,-1.561e-05,-1.32601e-05,-9.56741e-06,1.17494e-06,-1.05745e-05,5.18654e-05,8.62745e-05
45327,45327,35.995,-1.39315e-05,-1.7792e-05,-2.70237e-05,-1.67849e-05,-1.05745e-05,-7.21752e-06,1.67849e-06,-2.03098e-05,-5.55581e-05,2.43381e-05
45328,45328,35.9958,-1.72885e-05,-1.561e-05,-2.60166e-05,-1.93027e-05,-6.21042e-06,-3.86053e-06,3.86053e-06,-1.79599e-05,-4.61585e-05,-1.25887e-05
45329,45329,35.9966,-1.561e-05,-1.71206e-05,-2.08133e-05,-1.69528e-05,-1.32601e-05,-3.18914e-06,3.35698e-07,-1.49386e-05,5.03548e-06,-1.52743e-05
45330,45330,35.9974,-9.56741e-06,-1.82956e-05,-1.82956e-05,-1.2253e-05,-2.09812e-05,-1.51064e-06,-6.88182e-06,-1.19173e-05,0.000115984,-4.75013e-05
45331,45331,35.9981,-4.19623e-06,-1.51064e-05,-1.76242e-05,-8.22461e-06,-1.82956e-05,1.84634e-06,-1.69528e-05,-1.39315e-05,0.000155932,-8.27497e-05
45332,45332,35.9989,-4.86763e-06,-1.62814e-05,-1.62814e-05,-6.88182e-06,-1.39315e-05,-8.39246e-07,-2.13169e-05,-1.62814e-05,0.000102556,-1.12459e-05
45333,45333,35.9997,-5.53903e-06,-1.98062e-05,-1.8967e-05,-1.67849e-05,-2.18204e-05,-6.71397e-06,-1.69528e-05,-1.42672e-05,6.91539e-05,7.41894e-05
45334,45334,36.0005,-9.23171e-06,-2.03098e-05,-2.13169e-05,-2.46738e-05,-1.93027e-05,-1.49386e-05,-3.02129e-06,-1.64492e-05,1.67849e-06,8.77852e-05
45335,45335,36.0013,-8.22461e-06,-1.46029e-05,-2.13169e-05,-1.93027e-05,-4.86763e-06,-1.15816e-05,1.30922e-05,-7.04967e-06,-3.32342e-05,5.16976e-05
45336,45336,36.0021,-8.22461e-06,-6.88182e-06,-2.09812e-05,-1.42672e-05,-1.67849e-06,-9.56741e-06,2.46738e-05,-5.87472e-06,-4.61585e-05,-3.30663e-05
45337,45337,36.0029,-1.42672e-05,-9.06386e-06,-2.29953e-05,-1.15816e-05,-6.21042e-06,-1.12459e-05,2.63523e-05,-1.99741e-05,-4.61585e-05,-7.41894e-05
45338,45338,36.0037,-1.96384e-05,-1.64492e-05,-2.16526e-05,-1.42672e-05,-1.09102e-05,-7.04967e-06,1.561e-05,-2.58488e-05,-2.23239e-05,-5.1194e-05
45339,45339,36.0045,-2.03098e-05,-1.64492e-05,-1.96384e-05,-2.18204e-05,-2.19883e-05,-1.84634e-06,6.71397e-07,-2.1149e-05,-3.77661e-05,-4.46479e-05
45340,45340,36.0053,-2.3331e-05,-1.42672e-05,-2.23239e-05,-2.31632e-05,-2.71916e-05,1.67849e-07,-4.53193e-06,-2.50095e-05,-3.84375e-05,-2.50095e-05
45341,45341,36.0061,-2.16526e-05,-1.20851e-05,-2.34989e-05,-1.82956e-05,-2.4506e-05,1.67849e-07,5.53903e-06,-2.97093e-05,2.7863e-05,5.7908e-05
45342,45342,36.0069,-1.93027e-05,-1.2253e-05,-2.34989e-05,-1.51064e-05,-2.19883e-05,-4.19623e-06,9.23171e-06,-2.38346e-05,6.42863e-05,0.000150057
45343,45343,36.0077,-1.54421e-05,-1.52743e-05,-2.43381e-05,-1.72885e-05,-1.98062e-05,-6.21042e-06,1.17494e-06,-2.19883e-05,6.07614e-05,0.000113634
45344,45344,36.0085,-9.9031e-06,-1.4435e-05,-2.51774e-05,-1.8967e-05,-1.69528e-05,-6.88182e-06,-5.53903e-06,-2.13169e-05,3.60876e-05,4.19623e-05
45345,45345,36.0093,-7.55322e-06,-1.39315e-05,-2.36667e-05,-1.98062e-05,-4.86763e-06,-4.86763e-06,1.51064e-06,-2.34989e-05,1.19173e-05,9.41634e-05
45346,45346,36.0101,-5.53903e-06,-1.66171e-05,-2.63523e-05,-1.98062e-05,3.86053e-06,-8.39246e-07,1.8967e-05,-2.04776e-05,9.06386e-06,0.00013579
45347,45347,36.0109,-3.52483e-06,-1.57778e-05,-2.36667e-05,-1.8967e-05,-7.55322e-06,3.35698e-07,3.35698e-05,-2.04776e-05,-7.88891e-06,8.5771e-05
45348,45348,36.0116,-6.37827e-06,-1.49386e-05,-2.43381e-05,-2.1149e-05,-3.37377e-05,2.01419e-06,3.0045e-05,-2.23239e-05,-3.87732e-05,3.87732e-05
45349,45349,36.0124,-6.37827e-06,-1.09102e-05,-2.24918e-05,-1.93027e-05,-4.39765e-05,1.67849e-06,2.16526e-05,-1.96384e-05,-3.94446e-05,4.53193e-05
45350,45350,36.0132,-5.70687e-06,-5.53903e-06,-1.8967e-05,-1.84634e-05,-3.77661e-05,2.85344e-06,2.3331e-05,-1.86313e-05,-1.98062e-05,7.41894e-05
45351,45351,36.014,-4.53193e-06,-1.10781e-05,-1.99741e-05,-1.67849e-05,-3.42412e-05,-1.67849e-07,1.79599e-05,-1.76242e-05,1.49386e-05,7.08324e-05
45352,45352,36.0148,-4.36408e-06,-1.51064e-05,-2.09812e-05,-1.66171e-05,-3.3402e-05,-3.35698e-06,9.23171e-06,-1.8967e-05,-1.93027e-05,5.38796e-05
45353,45353,36.0156,-5.20333e-06,-9.56741e-06,-2.43381e-05,-1.62814e-05,-3.10521e-05,-6.88182e-06,8.22461e-06,-2.06455e-05,-6.59647e-05,5.57259e-05
45354,45354,36.0164,-6.37827e-06,-1.10781e-05,-2.09812e-05,-1.69528e-05,-2.6688e-05,-7.55322e-06,8.22461e-06,-2.73594e-05,-8.05676e-05,8.17426e-05
45355,45355,36.0172,-1.02388e-05,-1.46029e-05,-2.09812e-05,-1.46029e-05,-2.19883e-05,-8.89601e-06,9.23171e-06,-2.7863e-05,-0.00012253,9.11421e-05
45356,45356,36.018,-1.02388e-05,-1.35958e-05,-2.26596e-05,-1.52743e-05,-2.29953e-05,-7.55322e-06,1.29244e-05,-2.04776e-05,-0.000124544,7.87213e-05
45357,45357,36.0188,-6.88182e-06,-1.2253e-05,-1.96384e-05,-1.62814e-05,-1.98062e-05,-3.69268e-06,1.30922e-05,-1.12459e-05,-5.03548e-06,8.40925e-05
45358,45358,36.0196,-6.54612e-06,-1.2253e-05,-1.86313e-05,-1.82956e-05,-1.561e-05,-7.04967e-06,3.52483e-06,-5.20333e-06,-3.52483e-06,4.85084e-05
45359,45359,36.0204,-9.56741e-06,-1.30922e-05,-1.59457e-05,-1.62814e-05,-1.42672e-05,-7.21752e-06,-1.17494e-06,-2.18204e-06,-5.52224e-05,-2.16526e-05
45360,45360,36.0212,-1.05745e-05,-1.12459e-05,-1.35958e-05,-1.25887e-05,-1.05745e-05,-6.21042e-06,-1.17494e-06,-3.86053e-06,-5.62295e-05,-9.11421e-05
45361,45361,36.022,-9.9031e-06,-1.15816e-05,-1.19173e-05,-1.35958e-05,-5.03548e-06,-6.21042e-06,3.35698e-07,6.54612e-06,-3.94446e-05,-6.16007e-05
45362,45362,36.0228,-1.39315e-05,-1.29244e-05,-1.0071e-05,-1.81277e-05,-2.85344e-06,-8.22461e-06,-6.88182e-06,1.52743e-05,2.36667e-05,3.52483e-06
45363,45363,36.0236,-1.39315e-05,-1.46029e-05,-5.03548e-06,-2.04776e-05,-7.55322e-06,-5.70687e-06,-1.42672e-05,1.69528e-05,0.000101884,-4.69978e-06
45364,45364,36.0244,-1.10781e-05,-1.51064e-05,-3.35698e-07,-1.96384e-05,-9.9031e-06,-4.19623e-06,-1.19173e-05,1.71206e-05,8.94636e-05,-7.40215e-05
45365,45365,36.0251,-1.02388e-05,-1.39315e-05,-8.89601e-06,-2.40024e-05,-1.02388e-05,-4.86763e-06,-9.9031e-06,1.51064e-05,1.86313e-05,-0.000110277
45366,45366,36.0259,-1.46029e-05,-1.69528e-05,-2.1149e-05,-2.24918e-05,-7.88891e-06,-6.21042e-06,-1.10781e-05,1.05745e-05,1.72885e-05,-7.50286e-05
45367,45367,36.0267,-1.82956e-05,-1.81277e-05,-2.29953e-05,-2.16526e-05,-2.73594e-05,-6.37827e-06,-8.56031e-06,3.18914e-06,2.1149e-05,-4.21302e-05
45368,45368,36.0275,-1.69528e-05,-1.59457e-05,-2.09812e-05,-1.82956e-05,-4.33051e-05,-5.03548e-06,-1.19173e-05,-2.85344e-06,-9.23171e-06,-6.41184e-05
45369,45369,36.0283,-1.51064e-05,-1.29244e-05,-2.36667e-05,-4.19623e-06,-3.60876e-05,-5.53903e-06,-1.29244e-05,-9.06386e-06,-2.29953e-05,-8.54353e-05
45370,45370,36.0291,-1.67849e-05,-1.29244e-05,-2.40024e-05,3.18914e-06,-2.73594e-05,-4.69978e-06,-1.2253e-05,-9.73526e-06,-2.03098e-05,-4.14588e-05
45371,45371,36.0299,-1.561e-05,-1.15816e-05,-2.46738e-05,1.02388e-05,-1.61135e-05,-8.89601e-06,-1.24208e-05,-1.25887e-05,5.53903e-06,5.48867e-05
45372,45372,36.0307,-1.64492e-05,-1.12459e-05,-2.63523e-05,1.561e-05,-9.9031e-06,-5.03548e-06,-8.39246e-06,-1.17494e-05,3.20592e-05,6.42863e-05
45373,45373,36.0315,-1.69528e-05,-1.42672e-05,-2.6688e-05,1.46029e-05,-1.32601e-05,-3.52483e-06,-2.18204e-06,-8.56031e-06,5.25368e-05,3.52483e-06
45374,45374,36.0323,-1.72885e-05,-1.561e-05,-2.83665e-05,3.86053e-06,-3.65911e-05,-4.19623e-06,7.55322e-06,-7.04967e-06,3.03807e-05,-1.49386e-05
45375,45375,36.0331,-1.561e-05,-1.49386e-05,-2.40024e-05,-2.19883e-05,-9.09743e-05,-1.0071e-06,1.79599e-05,-4.19623e-06,1.67849e-07,-1.46029e-05
45376,45376,36.0339,-1.09102e-05,-1.15816e-05,-2.06455e-05,-4.64942e-05,-9.18135e-05,-4.86763e-06,1.93027e-05,3.86053e-06,1.67849e-05,-4.75013e-05
45377,45377,36.0347,-1.19173e-05,-1.12459e-05,-2.36667e-05,-7.80499e-05,-4.75013e-05,-1.02388e-05,2.19883e-05,4.69978e-06,8.89601e-06,-6.94896e-05
45378,45378,36.0355,-1.35958e-05,-1.02388e-05,-2.50095e-05,-6.10971e-05,-5.03548e-07,-6.88182e-06,2.53452e-05,3.35698e-07,-1.09102e-05,-1.2253e-05
45379,45379,36.0363,-1.2253e-05,-9.23171e-06,-2.46738e-05,-2.34989e-05,1.32601e-05,-4.86763e-06,2.16526e-05,-7.21752e-06,-4.86763e-06,3.07164e-05
45380,45380,36.0371,-1.62814e-05,-1.14137e-05,-2.3331e-05,-1.59457e-05,7.88891e-06,-7.88891e-06,1.04067e-05,-1.09102e-05,3.86053e-06,2.51774e-06
45381,45381,36.0379,-1.76242e-05,-1.35958e-05,-2.46738e-05,-2.29953e-05,2.19883e-05,-8.89601e-06,2.85344e-06,-1.52743e-05,-1.35958e-05,-1.86313e-05
45382,45382,36.0386,-1.39315e-05,-1.4435e-05,-2.03098e-05,-2.18204e-05,3.47448e-05,-6.21042e-06,5.03548e-07,-2.03098e-05,-3.86053e-05,-1.81277e-05
45383,45383,36.0394,-1.34279e-05,-1.37636e-05,-1.66171e-05,-1.62814e-05,-1.42672e-05,-6.21042e-06,3.18914e-06,-1.94705e-05,-3.03807e-05,-9.23171e-06
45384,45384,36.0402,-1.17494e-05,-1.02388e-05,-1.8967e-05,-1.96384e-05,-2.80308e-05,-7.88891e-06,6.88182e-06,-1.62814e-05,6.21042e-06,2.34989e-06
45385,45385,36.041,-1.32601e-05,-1.05745e-05,-1.69528e-05,-2.29953e-05,9.9031e-06,-1.02388e-05,1.96384e-05,-2.43381e-05,2.51774e-06,2.51774e-06
45386,45386,36.0418,-1.86313e-05,-1.17494e-05,-2.03098e-05,-1.93027e-05,2.92058e-05,-9.73526e-06,1.94705e-05,-2.7863e-05,-2.83665e-05,4.19623e-06
45387,45387,36.0426,-1.49386e-05,-8.89601e-06,-2.29953e-05,-6.37827e-06,2.13169e-05,-9.56741e-06,3.86053e-06,-2.76951e-05,-2.63523e-05,5.20333e-06
45388,45388,36.0434,-5.20333e-06,-8.89601e-06,-2.46738e-05,4.19623e-06,7.72107e-06,-8.22461e-06,4.19623e-06,-2.46738e-05,-1.8967e-05,7.55322e-06
45389,45389,36.0442,-4.19623e-06,-1.09102e-05,-2.38346e-05,3.18914e-06,-1.09102e-05,-2.85344e-06,8.89601e-06,-3.07164e-05,-1.15816e-05,-1.67849e-07
45390,45390,36.045,-8.56031e-06,-1.42672e-05,-2.51774e-05,-6.54612e-06,-2.68559e-05,-1.51064e-06,9.56741e-06,-2.97093e-05,-5.87472e-06,5.53903e-06
45391,45391,36.0458,-7.88891e-06,-1.42672e-05,-2.73594e-05,-1.96384e-05,-1.76242e-05,-4.86763e-06,1.27565e-05,-2.18204e-05,1.27565e-05,2.60166e-05
45392,45392,36.0466,-8.89601e-06,-1.62814e-05,-2.46738e-05,-3.27306e-05,-1.17494e-06,-5.87472e-06,1.59457e-05,-1.79599e-05,2.48417e-05,3.122e-05
45393,45393,36.0474,-8.39246e-06,-1.49386e-05,-2.4506e-05,-5.25368e-05,2.51774e-06,-4.53193e-06,1.52743e-05,-1.52743e-05,1.52743e-05,2.03098e-05
45394,45394,36.0482,-6.88182e-06,-1.30922e-05,-2.23239e-05,-4.04517e-05,-1.24208e-05,-6.54612e-06,1.71206e-05,-1.34279e-05,4.36408e-06,-2.51774e-05
45395,45395,36.049,-5.53903e-06,-1.05745e-05,-1.91348e-05,-1.52743e-05,-1.99741e-05,-7.88891e-06,1.74563e-05,-1.09102e-05,3.35698e-07,-4.448e-05
45396,45396,36.0498,-1.67849e-06,-9.73526e-06,-1.72885e-05,-8.72816e-06,-1.7792e-05,-4.19623e-06,1.32601e-05,-1.40993e-05,-5.03548e-07,-1.69528e-05
45397,45397,36.0506,-3.18914e-06,-1.49386e-05,-1.96384e-05,-1.17494e-06,-1.8967e-05,1.67849e-07,2.51774e-06,-1.39315e-05,-8.39246e-07,7.55322e-06
45398,45398,36.0514,-1.12459e-05,-1.49386e-05,-2.19883e-05,7.21752e-06,-2.23239e-05,-1.51064e-06,1.67849e-07,-1.27565e-05,9.9031e-06,1.59457e-05
45399,45399,36.0521,-1.25887e-05,-1.35958e-05,-2.06455e-05,5.20333e-06,-2.1149e-05,-1.84634e-06,1.84634e-06,-1.46029e-05,-3.52483e-06,7.21752e-06
45400,45400,36.0529,-1.2253e-05,-1.09102e-05,-2.04776e-05,-6.88182e-06,-1.62814e-05,-5.53903e-06,2.51774e-06,-1.49386e-05,-5.20333e-06,9.56741e-06
45401,45401,36.0537,-1.32601e-05,-1.15816e-05,-2.13169e-05,-1.561e-05,-9.06386e-06,-6.21042e-06,-5.03548e-07,-1.4435e-05,1.49386e-05,1.32601e-05
45402,45402,36.0545,-1.37636e-05,-1.49386e-05,-2.03098e-05,-1.35958e-05,-3.35698e-06,-2.18204e-06,-3.52483e-06,-1.69528e-05,2.46738e-05,4.02838e-06
45403,45403,36.0553,-1.17494e-05,-1.51064e-05,-2.19883e-05,-1.91348e-05,-3.86053e-06,-4.86763e-06,-2.85344e-06,-1.62814e-05,2.60166e-05,-9.73526e-06
45404,45404,36.0561,-7.88891e-06,-1.35958e-05,-2.04776e-05,-2.97093e-05,-1.12459e-05,-1.51064e-06,-4.19623e-06,-1.8967e-05,3.70947e-05,-1.39315e-05
45405,45405,36.0569,-9.73526e-06,-1.42672e-05,-1.8967e-05,-2.63523e-05,-1.76242e-05,1.67849e-07,-6.37827e-06,-1.76242e-05,5.35439e-05,-1.19173e-05
45406,45406,36.0577,-1.15816e-05,-1.96384e-05,-1.99741e-05,-1.76242e-05,-2.63523e-05,-2.51774e-06,-2.51774e-06,-1.72885e-05,5.01869e-05,-3.69268e-06
45407,45407,36.0585,-1.2253e-05,-2.09812e-05,-1.86313e-05,-1.62814e-05,-2.56809e-05,-3.52483e-06,1.67849e-07,-1.35958e-05,3.81018e-05,1.17494e-06
45408,45408,36.0593,-1.39315e-05,-1.79599e-05,-1.79599e-05,-1.69528e-05,-1.52743e-05,-3.86053e-06,-5.20333e-06,-1.35958e-05,1.99741e-05,-1.51064e-06
45409,45409,36.0601,-1.35958e-05,-1.561e-05,-1.94705e-05,-2.1149e-05,-3.6759e-05,-4.19623e-06,-8.89601e-06,-1.561e-05,1.84634e-06,3.86053e-06
45410,45410,36.0609,-1.46029e-05,-1.4435e-05,-1.99741e-05,-2.6688e-05,-5.85794e-05,-1.51064e-06,-7.38537e-06,-1.12459e-05,5.20333e-06,2.40024e-05
45411,45411,36.0617,-1.42672e-05,-1.62814e-05,-1.8967e-05,-2.04776e-05,-6.24399e-05,-2.85344e-06,1.67849e-07,-6.88182e-06,1.42672e-05,-4.19623e-06
45412,45412,36.0625,-1.42672e-05,-1.84634e-05,-1.99741e-05,-1.09102e-05,-5.89151e-05,-3.18914e-06,1.12459e-05,-6.37827e-06,1.32601e-05,-4.51514e-05
45413,45413,36.0633,-1.62814e-05,-1.76242e-05,-1.93027e-05,-2.85344e-06,-4.58228e-05,-1.84634e-06,2.13169e-05,3.35698e-07,1.62814e-05,-3.23949e-05
45414,45414,36.0641,-1.96384e-05,-1.52743e-05,-2.06455e-05,-1.0071e-06,-4.21302e-05,5.03548e-07,2.83665e-05,3.18914e-06,1.84634e-05,-3.6759e-05
45415,45415,36.0649,-1.93027e-05,-1.46029e-05,-2.29953e-05,-8.89601e-06,-3.65911e-05,1.84634e-06,1.91348e-05,4.19623e-06,1.05745e-05,-4.58228e-05
45416,45416,36.0656,-1.51064e-05,-1.52743e-05,-2.56809e-05,-1.49386e-05,-3.15557e-05,-2.85344e-06,6.54612e-06,6.88182e-06,3.35698e-06,1.49386e-05
45417,45417,36.0664,-1.32601e-05,-1.57778e-05,-2.16526e-05,-1.12459e-05,-2.23239e-05,-2.85344e-06,2.18204e-06,1.12459e-05,5.87472e-06,6.49577e-05
45418,45418,36.0672,-1.57778e-05,-1.62814e-05,-2.04776e-05,-1.10781e-05,-1.57778e-05,-2.85344e-06,8.56031e-06,1.42672e-05,2.18204e-06,6.14328e-05
45419,45419,36.068,-1.8967e-05,-1.8967e-05,-2.4506e-05,-7.88891e-06,-1.32601e-05,-3.35698e-06,2.34989e-05,1.2253e-05,1.17494e-06,4.54871e-05
45420,45420,36.0688,-1.82956e-05,-1.64492e-05,-2.56809e-05,-4.19623e-06,-1.25887e-05,-2.51774e-06,2.70237e-05,9.9031e-06,1.17494e-06,3.28984e-05
45421,45421,36.0696,-1.561e-05,-1.35958e-05,-2.53452e-05,-7.21752e-06,-1.02388e-05,-3.52483e-06,1.12459e-05,7.88891e-06,5.87472e-06,1.49386e-05
45422,45422,36.0704,-1.35958e-05,-1.35958e-05,-2.29953e-05,-1.71206e-05,-1.0071e-05,-4.86763e-06,-4.19623e-06,2.34989e-06,1.32601e-05,8.39246e-07
45423,45423,36.0712,-1.12459e-05,-1.35958e-05,-2.1149e-05,-3.92767e-05,-1.09102e-05,-7.55322e-06,-8.89601e-06,-3.86053e-06,1.42672e-05,5.87472e-06
45424,45424,36.072,-1.42672e-05,-1.12459e-05,-2.36667e-05,-2.65202e-05,-1.25887e-05,-8.39246e-06,-1.96384e-05,-6.71397e-06,1.05745e-05,8.72816e-06
45425,45425,36.0728,-1.39315e-05,-9.56741e-06,-2.16526e-05,-2.6688e-05,-1.76242e-05,-9.56741e-06,-2.83665e-05,3.5584e-05,7.88891e-06,5.20333e-06
45426,45426,36.0736,-9.9031e-06,-1.09102e-05,-2.31632e-05,-3.3402e-05,-1.46029e-05,-1.19173e-05,-3.72625e-05,7.63714e-05,9.56741e-06,6.54612e-06
45427,45427,36.0744,-1.46029e-05,-1.32601e-05,-2.18204e-05,-2.09812e-05,-1.4435e-05,-1.2253e-05,-3.91089e-05,4.0116e-05,1.15816e-05,1.74563e-05
45428,45428,36.0752,-1.91348e-05,-1.52743e-05,-1.93027e-05,-1.49386e-05,-2.03098e-05,-7.55322e-06,-3.25628e-05,1.51064e-06,1.32601e-05,2.93736e-05
45429,45429,36.076,-1.82956e-05,-1.86313e-05,-1.62814e-05,-1.72885e-05,-1.94705e-05,-6.54612e-06,-7.21752e-06,-1.93027e-05,9.9031e-06,3.47448e-05
45430,45430,36.0768,-1.72885e-05,-1.2253e-05,-1.49386e-05,-2.85344e-06,-1.69528e-05,-5.20333e-06,3.27306e-05,-4.26337e-05,5.20333e-06,2.40024e-05
45431,45431,36.0776,-1.561e-05,-8.56031e-06,-1.69528e-05,2.70237e-05,-1.69528e-05,-5.20333e-06,4.95155e-05,-6.59647e-05,5.20333e-06,9.23171e-06
45432,45432,36.0784,-1.46029e-05,-7.88891e-06,-1.96384e-05,3.81018e-05,-1.7792e-05,-7.38537e-06,6.42863e-05,-8.97993e-05,5.70687e-06,2.51774e-06
45433,45433,36.0791,-1.0071e-05,-7.38537e-06,-2.04776e-05,3.92767e-05,-1.79599e-05,-5.87472e-06,8.30854e-05,-0.000103563,5.87472e-06,1.17494e-06
45434,45434,36.0799,-5.53903e-06,-7.88891e-06,-2.29953e-05,2.19883e-05,-1.99741e-05,-3.86053e-06,7.43572e-05,-0.000114977,2.18204e-06,-1.67849e-07
45435,45435,36.0807,-2.18204e-06,-9.56741e-06,-2.71916e-05,-5.03548e-07,-1.32601e-05,-4.19623e-06,4.9012e-05,-0.000134447,1.67849e-06,-1.67849e-07
45436,45436,36.0815,-1.04067e-05,-1.29244e-05,-2.90379e-05,-2.7863e-05,-7.55322e-06,-6.88182e-06,1.93027e-05,-0.000156268,2.51774e-06,2.51774e-06
45437,45437,36.0823,-1.64492e-05,-8.89601e-06,-2.75273e-05,-5.92508e-05,-6.88182e-06,-5.87472e-06,-6.54612e-06,-0.000173892,-5.03548e-07,5.87472e-06
45438,45438,36.0831,-1.62814e-05,-1.24208e-05,-2.70237e-05,-7.97284e-05,-1.42672e-05,-1.51064e-06,-1.69528e-05,-0.000186145,1.67849e-07,6.21042e-06
45439,45439,36.0839,-1.52743e-05,-1.76242e-05,-2.38346e-05,-4.85084e-05,-2.3331e-05,1.51064e-06,-1.84634e-05,-0.000191012,1.17494e-06,8.22461e-06
45440,45440,36.0847,-1.27565e-05,-1.46029e-05,-1.79599e-05,-1.84634e-05,-1.98062e-05,-4.53193e-06,-1.67849e-05,-0.00019588,7.04967e-06,6.37827e-06
45441,45441,36.0855,-1.15816e-05,-1.49386e-05,-1.7792e-05,-9.39956e-06,-1.52743e-05,-6.54612e-06,-7.72107e-06,-0.000196887,5.87472e-06,4.53193e-06
45442,45442,36.0863,-1.05745e-05,-1.561e-05,-1.76242e-05,-2.38346e-05,-1.25887e-05,-3.69268e-06,-1.42672e-05,-0.000200244,8.39246e-06,4.86763e-06
45443,45443,36.0871,-9.06386e-06,-1.561e-05,-1.46029e-05,-4.448e-05,-1.02388e-05,-2.18204e-06,-2.06455e-05,-0.000205615,8.89601e-06,7.88891e-06
45444,45444,36.0879,-1.04067e-05,-1.19173e-05,-1.49386e-05,-4.58228e-05,-1.52743e-05,-5.53903e-06,-1.79599e-05,-0.000206287,8.56031e-06,6.04257e-06
45445,45445,36.0887,-1.29244e-05,-1.0071e-05,-1.86313e-05,-5.89151e-05,-1.19173e-05,-7.21752e-06,-8.56031e-06,-0.000204944,8.39246e-06,7.21752e-06
45446,45446,36.0895,-1.52743e-05,-1.42672e-05,-2.46738e-05,-5.38796e-05,-8.72816e-06,-6.21042e-06,-2.51774e-06,-0.000206455,7.88891e-06,9.23171e-06
45447,45447,36.0903,-1.05745e-05,-1.2253e-05,-2.63523e-05,-5.43832e-05,-1.15816e-05,-6.88182e-06,-1.17494e-05,-0.000197894,7.21752e-06,6.88182e-06
45448,45448,36.0911,-4.53193e-06,-1.14137e-05,-2.46738e-05,-6.22721e-05,-2.51774e-05,-7.04967e-06,-2.29953e-05,-0.000178927,7.21752e-06,4.86763e-06
45449,45449,36.0919,-4.86763e-06,-1.42672e-05,-2.29953e-05,-2.56809e-05,-4.21302e-05,-1.84634e-06,-1.51064e-05,-0.000169696,4.86763e-06,6.37827e-06
45450,45450,36.0926,-8.56031e-06,-1.42672e-05,-2.13169e-05,7.55322e-06,-5.35439e-05,1.67849e-06,-6.54612e-06,-0.000159289,-1.67849e-07,7.21752e-06
45451,45451,36.0934,-1.25887e-05,-1.42672e-05,-2.03098e-05,1.99741e-05,-4.7837e-05,-2.51774e-06,-4.19623e-06,-0.000148547,2.51774e-06,9.06386e-06
45452,45452,36.0942,-1.561e-05,-1.62814e-05,-2.29953e-05,2.53452e-05,-2.29953e-05,-6.04257e-06,1.0071e-06,-0.000128573,-1.51064e-06,1.24208e-05
45453,45453,36.095,-1.64492e-05,-1.74563e-05,-2.18204e-05,2.13169e-05,-1.02388e-05,-8.89601e-06,1.19173e-05,-0.000104402,-3.18914e-06,1.05745e-05
45454,45454,36.0958,-1.32601e-05,-1.7792e-05,-1.82956e-05,9.23171e-06,-5.87472e-06,-7.72107e-06,2.87022e-05,-8.84566e-05,-5.03548e-07,4.86763e-06
45455,45455,36.0966,-1.62814e-05,-1.32601e-05,-2.16526e-05,6.88182e-06,-3.86053e-06,-5.20333e-06,4.06195e-05,-7.06645e-05,1.17494e-06,1.51064e-06
45456,45456,36.0974,-1.32601e-05,-1.42672e-05,-2.43381e-05,-6.21042e-06,-2.85344e-06,-3.52483e-06,3.47448e-05,-5.72366e-05,-8.39246e-07,-1.35958e-05
45457,45457,36.0982,-1.29244e-05,-1.76242e-05,-2.4506e-05,-3.07164e-05,-1.19173e-05,-4.86763e-06,7.21752e-06,-5.48867e-05,-2.85344e-06,-1.82956e-05
45458,45458,36.099,-1.66171e-05,-1.76242e-05,-2.40024e-05,-2.13169e-05,-2.08133e-05,-7.21752e-06,-1.99741e-05,-4.75013e-05,-1.51064e-06,-7.72107e-06
45459,45459,36.0998,-1.71206e-05,-1.46029e-05,-1.8967e-05,-6.71397e-07,-1.69528e-05,-5.53903e-06,-2.46738e-05,-3.84375e-05,-2.18204e-06,-1.67849e-07
45460,45460,36.1006,-1.34279e-05,-1.42672e-05,-1.8967e-05,2.18204e-06,-1.66171e-05,-1.84634e-06,-1.93027e-05,-2.29953e-05,-3.52483e-06,3.02129e-06
45461,45461,36.1014,-7.04967e-06,-1.69528e-05,-1.96384e-05,-5.70687e-06,-1.96384e-05,1.17494e-06,8.39246e-07,-2.18204e-06,-3.69268e-06,5.20333e-06
45462,45462,36.1022,-4.86763e-06,-1.64492e-05,-1.98062e-05,-4.33051e-05,-2.16526e-05,3.52483e-06,1.0071e-06,1.93027e-05,-8.39246e-06,7.04967e-06
45463,45463,36.103,-7.55322e-06,-1.57778e-05,-2.03098e-05,-5.35439e-05,-2.4506e-05,1.34279e-06,9.73526e-06,3.45769e-05,-8.89601e-06,7.21752e-06
45464,45464,36.1038,-9.56741e-06,-1.91348e-05,-2.18204e-05,-2.56809e-05,-2.46738e-05,-1.67849e-07,5.01869e-05,3.91089e-05,-1.27565e-05,7.55322e-06
45465,45465,36.1046,-1.24208e-05,-1.8967e-05,-2.26596e-05,-1.29244e-05,-1.99741e-05,1.17494e-06,5.13619e-05,4.71656e-05,-1.59457e-05,7.72107e-06
45466,45466,36.1054,-1.29244e-05,-1.52743e-05,-2.36667e-05,-1.29244e-05,-1.67849e-05,-5.03548e-07,5.7908e-05,5.05226e-05,-1.72885e-05,6.88182e-06
45467,45467,36.1061,-9.23171e-06,-1.37636e-05,-2.50095e-05,-1.19173e-05,-1.71206e-05,-1.17494e-06,7.30144e-05,5.20333e-05,-1.76242e-05,9.23171e-06
45468,45468,36.1069,-9.56741e-06,-1.12459e-05,-2.3331e-05,-5.70687e-06,-1.76242e-05,-2.18204e-06,5.62295e-05,6.49577e-05,-1.79599e-05,8.22461e-06
45469,45469,36.1077,-9.73526e-06,-1.09102e-05,-2.3331e-05,-6.54612e-06,-1.81277e-05,-4.19623e-06,3.59197e-05,7.60357e-05,-1.42672e-05,9.73526e-06
45470,45470,36.1085,-9.06386e-06,-1.10781e-05,-2.23239e-05,-6.71397e-06,-1.84634e-05,-7.88891e-06,2.80308e-05,9.31563e-05,-1.29244e-05,1.15816e-05
45471,45471,36.1093,-8.89601e-06,-1.10781e-05,-2.18204e-05,-1.09102e-05,-1.86313e-05,-9.73526e-06,3.07164e-05,9.56741e-05,-1.09102e-05,9.23171e-06
45472,45472,36.1101,-4.19623e-06,-1.2253e-05,-2.3331e-05,-1.29244e-05,-2.13169e-05,-9.06386e-06,2.6688e-05,8.84566e-05,-8.89601e-06,7.55322e-06
45473,45473,36.1109,-3.35698e-07,-1.62814e-05,-2.06455e-05,-1.46029e-05,-2.23239e-05,-1.27565e-05,8.22461e-06,8.97993e-05,-6.37827e-06,7.21752e-06
45474,45474,36.1117,-1.67849e-06,-1.29244e-05,-1.8967e-05,-9.9031e-06,-2.04776e-05,-1.24208e-05,-1.35958e-05,9.44991e-05,-9.56741e-06,9.23171e-06
45475,45475,36.1125,-4.53193e-06,-1.15816e-05,-1.8967e-05,-6.21042e-06,-2.13169e-05,-1.20851e-05,-2.56809e-05,0.000100374,-9.56741e-06,1.02388e-05
45476,45476,36.1133,-5.20333e-06,-1.32601e-05,-1.8967e-05,-8.22461e-06,-1.91348e-05,-1.59457e-05,-2.3331e-05,0.000107256,-7.38537e-06,1.12459e-05
45477,45477,36.1141,-4.69978e-06,-1.42672e-05,-1.8967e-05,-9.56741e-06,-2.21561e-05,-1.51064e-05,-2.03098e-05,0.000109606,-5.20333e-06,1.19173e-05
45478,45478,36.1149,-1.59457e-05,-1.40993e-05,-2.16526e-05,-8.39246e-06,-2.24918e-05,-1.42672e-05,-2.13169e-05,0.000106416,-4.53193e-06,9.9031e-06
45479,45479,36.1157,-2.58488e-05,-1.14137e-05,-1.82956e-05,-1.35958e-05,-2.29953e-05,-1.2253e-05,-2.16526e-05,9.97024e-05,-5.03548e-06,9.73526e-06
45480,45480,36.1165,-2.38346e-05,-1.37636e-05,-1.52743e-05,-1.35958e-05,-1.19173e-05,-6.21042e-06,-1.72885e-05,9.24849e-05,-3.86053e-06,7.88891e-06
45481,45481,36.1173,-1.72885e-05,-1.93027e-05,-1.79599e-05,-1.2253e-05,3.18914e-05,-4.19623e-06,-1.05745e-05,8.71138e-05,-3.18914e-06,7.55322e-06
45482,45482,36.1181,-2.09812e-05,-2.18204e-05,-2.06455e-05,-1.561e-05,3.03807e-05,-3.52483e-06,-8.22461e-06,9.08064e-05,8.39246e-07,4.19623e-06
45483,45483,36.1189,-1.93027e-05,-1.69528e-05,-1.96384e-05,-1.72885e-05,-9.23171e-06,-6.88182e-06,-7.04967e-06,9.44991e-05,2.18204e-06,2.18204e-06
45484,45484,36.1196,-4.36408e-06,-1.25887e-05,-2.09812e-05,-1.76242e-05,-3.52483e-05,-6.54612e-06,-2.18204e-06,9.28206e-05,2.51774e-06,1.67849e-07
45485,45485,36.1204,1.46029e-05,-1.42672e-05,-1.49386e-05,-1.69528e-05,-5.01869e-05,-4.19623e-06,-1.17494e-06,8.97993e-05,1.67849e-07,1.67849e-06
45486,45486,36.1212,1.25887e-05,-1.76242e-05,-1.561e-05,-1.61135e-05,-6.19364e-05,-3.35698e-06,1.67849e-07,8.71138e-05,2.85344e-06,1.51064e-06
45487,45487,36.122,3.86053e-06,-1.46029e-05,-1.82956e-05,-1.76242e-05,-4.86763e-05,-5.03548e-07,-3.52483e-06,8.91279e-05,7.88891e-06,6.71397e-07
45488,45488,36.1228,-8.39246e-07,-7.72107e-06,-1.82956e-05,-1.76242e-05,-3.91089e-05,-8.39246e-07,-5.20333e-06,8.62745e-05,7.55322e-06,2.85344e-06
45489,45489,36.1236,-1.57778e-05,-4.86763e-06,-2.23239e-05,-1.86313e-05,-3.77661e-05,-3.35698e-07,-4.36408e-06,7.80499e-05,4.69978e-06,8.39246e-07
45490,45490,36.1244,-3.25628e-05,-6.54612e-06,-2.7863e-05,-2.4506e-05,-3.18914e-05,-2.85344e-06,-5.53903e-06,8.39246e-05,9.06386e-06,6.71397e-07
45491,45491,36.1252,-2.92058e-05,-6.54612e-06,-2.90379e-05,-2.29953e-05,-2.3331e-05,-2.51774e-06,-3.35698e-07,9.81918e-05,9.56741e-06,1.51064e-06
45492,45492,36.126,-3.3402e-05,-1.09102e-05,-3.23949e-05,-1.91348e-05,-1.76242e-05,-2.51774e-06,-3.35698e-07,0.00012874,5.70687e-06,2.85344e-06
45493,45493,36.1268,-4.53193e-05,-1.25887e-05,-3.50805e-05,-1.69528e-05,-1.12459e-05,-6.71397e-07,2.18204e-06,0.00016231,4.86763e-06,3.86053e-06
45494,45494,36.1276,-4.53193e-05,-1.32601e-05,-2.29953e-05,-1.17494e-05,-1.561e-05,-1.84634e-06,1.84634e-06,0.000216693,7.72107e-06,5.53903e-06
45495,45495,36.1284,-3.91089e-05,-1.51064e-05,-6.88182e-06,-1.62814e-05,-2.06455e-05,-2.18204e-06,1.67849e-07,0.000283833,9.23171e-06,5.87472e-06
45496,45496,36.1292,-2.16526e-05,-1.35958e-05,-2.85344e-06,-2.16526e-05,-2.09812e-05,-3.35698e-06,2.85344e-06,0.000330159,9.23171e-06,4.86763e-06
45497,45497,36.13,-3.86053e-06,-1.32601e-05,-8.56031e-06,-2.3331e-05,-2.60166e-05,-3.52483e-06,4.69978e-06,0.000386557,1.12459e-05,1.17494e-06
45498,45498,36.1308,-1.51064e-06,-1.30922e-05,-9.56741e-06,-2.43381e-05,-2.56809e-05,-4.19623e-06,5.53903e-06,0.000431876,1.4435e-05,-6.71397e-07
45499,45499,36.1316,-9.9031e-06,-1.42672e-05,-1.2253e-05,-2.40024e-05,1.19173e-05,-5.53903e-06,7.04967e-06,0.000485756,1.52743e-05,1.67849e-07
45500,45500,36.1324,-1.29244e-05,-1.561e-05,-1.69528e-05,-2.16526e-05,3.59197e-05,-5.53903e-06,4.02838e-06,0.000541146,1.02388e-05,3.52483e-06
45501,45501,36.1331,-1.15816e-05,-1.66171e-05,-2.09812e-05,-1.96384e-05,3.69268e-06,-6.21042e-06,-3.35698e-07,0.00059469,1.12459e-05,6.54612e-06
45502,45502,36.1339,-1.66171e-05,-1.76242e-05,-2.23239e-05,-1.71206e-05,-3.39055e-05,-4.53193e-06,-8.39246e-06,0.000634302,1.10781e-05,6.04257e-06
45503,45503,36.1347,-9.56741e-06,-1.69528e-05,-2.16526e-05,-1.59457e-05,-4.41444e-05,-1.51064e-06,-1.66171e-05,0.000581262,9.23171e-06,6.37827e-06
45504,45504,36.1355,-7.72107e-06,-1.57778e-05,-2.26596e-05,-1.54421e-05,-7.40215e-05,8.39246e-07,-1.42672e-05,0.000441443,6.88182e-06,7.88891e-06
45505,45505,36.1363,-1.10781e-05,-1.49386e-05,-3.30663e-05,-1.82956e-05,-0.000108598,-2.01419e-06,-1.12459e-05,0.00025832,4.19623e-06,5.37118e-06
45506,45506,36.1371,-5.53903e-06,-1.2253e-05,-4.11231e-05,-1.82956e-05,-8.1239e-05,-1.51064e-06,-1.09102e-05,6.37827e-05,9.23171e-06,5.70687e-06
45507,45507,36.1379,-1.27565e-05,-1.40993e-05,-3.97803e-05,-1.96384e-05,-1.98062e-05,1.17494e-06,-1.09102e-05,-0.000115984,8.56031e-06,7.21752e-06
45508,45508,36.1387,-1.66171e-05,-1.52743e-05,-3.18914e-05,-1.67849e-05,3.70947e-05,1.17494e-06,-8.22461e-06,-0.00026302,8.22461e-06,6.37827e-06
45509,45509,36.1395,-9.9031e-06,-1.32601e-05,-2.63523e-05,-1.82956e-05,6.1265e-05,-8.39246e-07,1.84634e-06,-0.000375647,4.53193e-06,9.06386e-06
45510,45510,36.1403,-7.88891e-06,-1.4435e-05,-2.23239e-05,-1.86313e-05,4.88441e-05,-1.0071e-06,1.29244e-05,-0.00046041,2.51774e-06,6.71397e-06
45511,45511,36.1411,-1.69528e-05,-1.69528e-05,-1.8967e-05,-1.51064e-05,4.3473e-05,-2.85344e-06,1.66171e-05,-0.000540475,4.36408e-06,5.03548e-06
45512,45512,36.1419,-2.09812e-05,-1.64492e-05,-1.69528e-05,-1.4435e-05,4.31373e-05,-3.69268e-06,2.43381e-05,-0.000613825,1.67849e-06,8.56031e-06
45513,45513,36.1427,-1.93027e-05,-1.59457e-05,-1.2253e-05,-1.99741e-05,3.15557e-05,-6.37827e-06,3.28984e-05,-0.000664515,1.84634e-06,9.23171e-06
45514,45514,36.1435,-1.47707e-05,-1.64492e-05,-1.35958e-05,-2.60166e-05,2.40024e-05,-5.87472e-06,3.13878e-05,-0.000696407,4.36408e-06,9.73526e-06
45515,45515,36.1443,-1.2253e-05,-1.62814e-05,-1.4435e-05,-2.6688e-05,1.76242e-05,-8.22461e-06,2.60166e-05,-0.000716381,2.18204e-06,9.23171e-06
45516,45516,36.1451,-6.21042e-06,-1.82956e-05,-1.76242e-05,-2.43381e-05,1.67849e-06,-8.89601e-06,1.8967e-05,-0.000724941,-2.34989e-06,1.12459e-05
45517,45517,36.1459,3.18914e-06,-1.51064e-05,-1.82956e-05,-2.36667e-05,-1.04067e-05,-6.54612e-06,1.52743e-05,-0.000721584,-8.39246e-07,1.19173e-05
45518,45518,36.1466,9.73526e-06,-1.02388e-05,-1.29244e-05,-1.96384e-05,-1.86313e-05,-1.67849e-06,1.15816e-05,-0.000706813,1.17494e-06,9.39956e-06
45519,45519,36.1474,5.87472e-06,-1.25887e-05,-1.76242e-05,-1.7792e-05,-2.29953e-05,-2.18204e-06,3.18914e-06,-0.000681971,-1.84634e-06,5.87472e-06
45520,45520,36.1482,-8.39246e-07,-1.49386e-05,-2.73594e-05,-1.84634e-05,-2.97093e-05,-1.0071e-06,9.56741e-06,-0.000644877,-3.18914e-06,4.86763e-06
45521,45521,36.149,-4.19623e-06,-1.8967e-05,-2.85344e-05,-2.26596e-05,-3.91089e-05,-1.51064e-06,1.09102e-05,-0.000605264,1.67849e-06,6.54612e-06
45522,45522,36.1498,-8.05676e-06,-1.82956e-05,-2.80308e-05,-2.23239e-05,-3.60876e-05,-4.53193e-06,5.03548e-07,-0.000579919,2.18204e-06,7.55322e-06
45523,45523,36.1506,-1.14137e-05,-1.32601e-05,-2.73594e-05,-1.76242e-05,-4.2298e-05,-6.54612e-06,-5.03548e-07,-0.000568673,5.20333e-06,4.19623e-06
45524,45524,36.1514,-1.40993e-05,-1.2253e-05,-2.53452e-05,-1.72885e-05,-4.98512e-05,-7.21752e-06,-8.39246e-07,-0.000570687,4.53193e-06,6.21042e-06
45525,45525,36.1522,-1.37636e-05,-1.19173e-05,-1.99741e-05,-1.7792e-05,-3.92767e-05,-8.22461e-06,1.17494e-06,-0.000582269,1.12459e-05,7.88891e-06
45526,45526,36.153,-1.49386e-05,-1.20851e-05,-2.03098e-05,-1.82956e-05,-2.38346e-05,-7.21752e-06,1.59457e-05,-0.000536614,1.32601e-05,5.03548e-06
45527,45527,36.1538,-1.46029e-05,-1.25887e-05,-1.8967e-05,-1.35958e-05,-2.09812e-05,-6.54612e-06,2.6688e-05,-0.00049247,1.59457e-05,4.53193e-06
45528,45528,36.1546,-1.67849e-05,-1.25887e-05,-1.8967e-05,-8.56031e-06,-1.72885e-05,-6.21042e-06,2.31632e-05,-0.000472999,1.59457e-05,8.39246e-07
45529,45529,36.1554,-1.72885e-05,-1.32601e-05,-2.16526e-05,-1.02388e-05,-9.9031e-06,-5.53903e-06,2.50095e-05,-0.000475685,1.29244e-05,5.03548e-06
45530,45530,36.1562,-7.88891e-06,-1.09102e-05,-2.06455e-05,-1.25887e-05,-9.06386e-06,-1.84634e-06,3.70947e-05,-0.000488945,1.30922e-05,1.05745e-05
45531,45531,36.157,-1.17494e-06,-8.22461e-06,-1.71206e-05,-1.84634e-05,-1.96384e-05,-1.34279e-06,2.40024e-05,-0.000448661,1.71206e-05,8.56031e-06
45532,45532,36.1578,-6.54612e-06,-1.04067e-05,-1.96384e-05,-2.29953e-05,-2.60166e-05,-8.89601e-06,1.04067e-05,-0.000414084,1.62814e-05,6.88182e-06
45533,45533,36.1586,-8.22461e-06,-8.56031e-06,-2.19883e-05,-2.40024e-05,-2.88701e-05,-8.22461e-06,1.0071e-05,-0.000398306,1.04067e-05,4.19623e-06
45534,45534,36.1594,-5.87472e-06,-8.89601e-06,-2.19883e-05,-1.98062e-05,-3.37377e-05,-3.69268e-06,5.03548e-07,-0.000466453,1.51064e-06,6.54612e-06
45535,45535,36.1601,-8.56031e-06,-8.56031e-06,-2.36667e-05,-1.46029e-05,-3.13878e-05,-2.85344e-06,-2.34989e-06,-0.000530571,-4.19623e-06,5.53903e-06
45536,45536,36.1609,-1.69528e-05,-1.42672e-05,-2.83665e-05,-1.2253e-05,-2.18204e-05,5.03548e-07,-7.38537e-06,-0.00047686,-6.04257e-06,5.03548e-06
45537,45537,36.1617,-2.53452e-05,-1.93027e-05,-2.80308e-05,-1.35958e-05,-2.26596e-05,0.0,-1.79599e-05,-0.000485084,-9.56741e-06,4.19623e-06
45538,45538,36.1625,-2.46738e-05,-1.46029e-05,-2.43381e-05,-1.561e-05,-2.65202e-05,-1.67849e-06,-1.35958e-05,-0.000722759,-7.55322e-06,3.86053e-06
45539,45539,36.1633,-2.16526e-05,-1.35958e-05,-2.3331e-05,-2.4506e-05,-2.16526e-05,-3.02129e-06,-6.21042e-06,-0.000701778,-4.86763e-06,-8.39246e-07
45540,45540,36.1641,-2.40024e-05,-1.71206e-05,-2.76951e-05,-2.95415e-05,-1.66171e-05,-6.71397e-06,-1.27565e-05,-0.000464271,-3.86053e-06,5.03548e-07
45541,45541,36.1649,-2.23239e-05,-1.79599e-05,-2.88701e-05,-2.97093e-05,-1.32601e-05,-1.12459e-05,-3.52483e-06,-0.000287526,-1.17494e-06,0.0
45542,45542,36.1657,-1.79599e-05,-1.46029e-05,-2.43381e-05,-2.31632e-05,-6.54612e-06,-1.29244e-05,4.53193e-06,-0.000156268,5.03548e-07,2.01419e-06
45543,45543,36.1665,-1.66171e-05,-9.9031e-06,-1.98062e-05,-1.76242e-05,-1.2253e-05,-7.55322e-06,5.03548e-07,1.69528e-05,-6.71397e-07,2.18204e-06
45544,45544,36.1673,-1.19173e-05,-1.40993e-05,-1.62814e-05,-1.76242e-05,-3.47448e-05,-8.39246e-06,5.03548e-06,0.000221393,1.17494e-06,3.69268e-06
45545,45545,36.1681,-1.02388e-05,-1.96384e-05,-6.88182e-06,-1.59457e-05,-4.7837e-05,-1.02388e-05,1.86313e-05,0.000362722,-1.67849e-07,2.34989e-06
45546,45546,36.1689,-1.2253e-05,-2.50095e-05,-5.53903e-06,-8.22461e-06,-4.58228e-05,-5.53903e-06,3.54162e-05,0.000450675,-1.84634e-06,-1.17494e-06
45547,45547,36.1697,-1.39315e-05,-2.80308e-05,-9.23171e-06,-5.53903e-06,-4.48157e-05,-4.19623e-06,5.27047e-05,0.000519158,-2.01419e-06,1.0071e-06
45548,45548,36.1705,-1.72885e-05,-2.3331e-05,-1.72885e-05,-7.04967e-06,-5.7908e-05,-6.88182e-06,3.99481e-05,0.000561288,-2.85344e-06,1.0071e-06
